channel_index,threshold_true_db,threshold_pred_db,split
0,17.463068,18.105669,test
1,20.521538,19.584307,test
2,23.445507,22.115349,train
3,20.316303,19.258553,test
4,29.197786,25.822487,train
5,20.000824,19.67631,val
6,19.073215,19.853661,train
7,25.909632,25.342047,test
8,19.436457,19.169516,train
9,18.963226,18.211485,val
10,19.296377,18.922829,train
11,18.915707,18.979853,train
12,19.710922,19.003361,train
13,24.040054,23.936802,train
14,20.374426,20.065842,train
15,17.903414,17.869078,train
16,16.804464,17.315792,test
17,20.17841,19.089909,train
18,18.049738,18.466681,test
19,19.962765,21.574438,train
20,20.731295,20.13789,val
21,20.891497,19.601175,train
22,20.103802,20.335714,train
23,21.095856,21.359648,val
24,18.212921,18.717281,train
25,20.340729,20.776024,train
26,18.751789,18.794109,train
27,17.871872,18.110533,train
28,17.876122,18.264872,train
29,18.15587,18.135725,train
30,20.912426,20.050781,train
31,18.247177,18.989782,train
32,19.184982,19.338005,train
33,15.911134,15.995992,train
34,19.191269,19.065224,train
35,20.967833,20.610064,val
36,24.428461,23.772331,val
37,20.134907,19.203959,train
38,17.239428,17.838211,train
39,19.396729,19.219589,train
40,19.105646,18.115969,train
41,19.946098,18.769619,train
42,19.400019,19.171501,train
43,20.972582,21.390347,train
44,21.023615,20.446728,test
45,17.700947,17.201323,test
46,17.036669,17.029085,train
47,21.782864,20.179625,train
48,18.160307,17.677643,train
49,17.425068,17.592491,val
50,18.622757,18.068806,train
51,20.831772,20.558916,train
52,23.776304,22.573936,train
53,19.807837,19.759539,train
54,20.839651,20.257565,train
55,25.781546,24.518696,val
56,19.403402,18.754749,train
57,18.883677,18.802301,train
58,19.532753,20.00452,train
59,19.281893,19.481609,train
60,19.835045,18.778862,train
61,21.803381,21.141857,train
62,19.267179,19.812351,train
63,19.585144,19.021555,test
64,18.874283,18.871611,test
65,18.200468,18.218536,train
66,20.855179,20.067532,train
67,16.930414,16.964476,test
68,19.093792,20.029266,train
69,19.2218,19.078186,train
70,19.737547,19.014536,train
71,22.405725,22.067173,test
72,21.566565,20.75552,test
73,20.889935,20.924299,train
74,17.888494,18.140553,train
75,17.742836,17.986542,train
76,19.178467,18.982101,val
77,16.887314,16.841448,test
78,22.801538,23.266171,train
79,19.801477,19.200544,val
80,18.535023,19.111164,val
81,15.409771,16.10438,train
82,20.372587,19.177883,train
83,17.659113,18.13554,train
84,20.065716,19.625586,test
85,21.340635,20.341862,test
86,21.445337,22.063763,val
87,15.682557,17.226786,train
88,22.920563,23.460691,val
89,18.422318,19.028246,train
90,16.663841,17.297215,train
91,20.77301,19.917509,train
92,18.47994,18.90066,train
93,19.557314,18.924496,train
94,20.338974,20.027235,test
95,19.73608,19.071556,train
96,22.203571,21.306854,train
97,18.136684,18.27018,val
98,18.383631,18.294538,test
99,18.193659,17.313745,train
100,25.7887,25.104033,train
101,17.51104,18.037035,train
102,21.271957,20.422314,train
103,17.941378,17.630692,train
104,22.25536,21.966278,train
105,17.893423,18.719688,train
106,24.380577,23.883869,train
107,21.107042,20.267714,val
108,19.418585,19.371675,train
109,22.285542,21.628098,train
110,18.169664,17.743736,train
111,17.97961,18.166264,train
112,19.168476,19.791109,train
113,19.018383,18.174641,train
114,16.228897,17.27549,train
115,19.157354,19.895502,train
116,22.507006,21.562344,test
117,20.780174,21.042852,val
118,17.340622,17.67519,train
119,20.64377,21.936552,val
120,19.545736,18.803648,train
121,18.004564,18.335749,train
122,21.241184,22.095528,train
123,20.646053,21.089727,test
124,20.73197,20.483309,train
125,17.710337,17.836117,train
126,23.413176,23.733124,train
127,20.516113,21.666237,train
128,20.955656,20.048296,val
129,22.205133,20.678095,train
130,19.944418,20.996397,train
131,18.689089,18.316019,train
132,21.484804,21.763802,train
133,22.24342,20.791058,train
134,19.831978,19.703932,test
135,17.797913,17.491323,test
136,21.973614,22.112709,train
137,20.922647,20.078209,train
138,18.743752,19.466482,train
139,21.155716,20.791283,train
140,17.522005,18.395954,train
141,21.089289,20.768982,val
142,19.624395,19.238646,val
143,18.461042,18.941092,train
144,16.872015,17.35718,train
145,22.814775,20.912804,train
146,19.894356,19.440479,train
147,19.043818,18.927,train
148,19.057867,19.206863,train
149,20.99544,22.554985,train
150,21.282158,21.470762,val
151,17.925318,17.857489,train
152,18.599632,18.28657,val
153,20.931133,19.676231,test
154,18.38699,17.614481,val
155,19.71003,19.637638,train
156,21.64518,21.857079,train
157,23.357401,23.497744,test
158,18.998911,19.390324,train
159,19.639452,19.774557,train
160,18.383327,18.060617,train
161,20.032217,20.575077,val
162,22.243071,22.719164,train
163,21.97579,23.12463,train
164,22.314888,21.856468,train
165,17.565584,18.824564,train
166,21.708473,21.4149,train
167,17.795172,17.950975,val
168,18.571882,18.11359,train
169,19.419922,18.914867,train
170,18.643211,18.783134,train
171,18.983477,17.819651,train
172,18.277067,18.176029,train
173,18.624098,18.939072,train
174,20.885105,20.481504,train
175,17.196293,17.10416,train
176,20.88459,20.930435,val
177,21.273523,20.341078,train
178,19.009073,19.700817,test
179,17.951002,17.396027,train
180,18.526701,19.109324,val
181,21.542152,22.168823,test
182,20.357817,20.046892,train
183,17.420076,17.473001,test
184,16.479454,17.078075,train
185,16.682474,17.018698,test
186,18.339815,18.277067,train
187,18.970165,17.850914,train
188,23.539305,22.786398,train
189,17.653879,17.931475,train
190,16.110193,16.586203,train
191,20.593493,20.173544,train
192,20.362463,20.556673,train
193,19.167841,20.595058,train
194,23.137676,23.150038,test
195,22.767151,23.225761,train
196,19.532999,20.442942,train
197,18.86787,19.299896,val
198,21.458765,18.646427,test
199,25.242348,24.799686,train
200,22.492443,21.767241,train
201,20.370476,18.889553,val
202,22.695116,21.416958,train
203,17.637127,19.147118,train
204,20.305304,20.764027,train
205,18.187166,18.355013,train
206,16.188507,16.13843,train
207,17.411371,18.187702,train
208,16.726042,16.999037,val
209,18.860691,18.764322,train
210,17.872435,18.40612,train
211,20.69935,20.797192,train
212,19.121565,19.363485,train
213,18.672544,18.904348,train
214,19.573288,18.76145,train
215,24.023613,23.79645,train
216,19.442036,19.861105,train
217,18.399073,18.090176,train
218,17.073526,17.563051,train
219,22.384241,22.929899,test
220,20.923864,20.755203,train
221,22.864889,23.419971,train
222,21.617327,20.906347,test
223,18.383188,17.624014,train
224,18.728605,19.723783,train
225,21.06085,20.581289,test
226,20.990015,22.081112,val
227,17.189098,18.121138,train
228,20.965012,20.2847,train
229,18.019781,17.814426,val
230,20.281816,21.430056,train
231,20.308386,19.651653,val
232,20.781342,20.336382,train
233,17.599968,17.949913,train
234,18.621559,18.87377,train
235,17.606264,17.033283,train
236,20.637033,20.30703,train
237,20.968805,21.530701,train
238,21.024511,21.074003,train
239,20.692591,20.065994,train
240,19.080156,18.228462,val
241,17.997553,18.263905,train
242,18.262449,18.811333,train
243,17.784966,18.215071,train
244,19.281393,20.244778,train
245,22.520334,21.589474,test
246,19.450161,19.831097,train
247,20.205002,20.381882,train
248,18.415565,18.370945,test
249,21.802832,21.650087,val
250,18.919472,19.492306,train
251,22.880285,22.83313,train
252,20.100021,20.282799,train
253,18.753351,17.572641,val
254,18.070526,18.283302,train
255,18.383217,18.943285,train
256,21.408413,20.730501,train
257,23.351271,21.8332,train
258,16.296358,16.566401,test
259,17.047932,17.533173,test
260,20.950462,20.215788,train
261,19.16309,19.506773,train
262,15.895412,17.279079,train
263,16.355219,17.280573,val
264,17.932798,17.723534,test
265,18.654764,18.460953,train
266,20.961872,21.039698,train
267,21.026131,19.693653,val
268,20.774845,20.382046,train
269,19.860415,20.253906,test
270,19.452299,18.376057,train
271,20.720129,21.195297,train
272,21.089117,20.25255,train
273,21.156263,19.929529,train
274,20.96666,20.271843,train
275,19.485384,19.859396,train
276,19.355137,17.769814,val
277,24.575781,22.890368,val
278,24.888882,24.373308,train
279,16.894079,17.734632,train
280,22.783344,21.741272,train
281,18.189846,19.270708,train
282,17.305971,18.073851,train
283,18.702389,17.846792,train
284,22.566118,22.821497,val
285,20.305889,20.594698,train
286,21.390514,20.601442,val
287,17.180801,17.943161,train
288,19.117136,18.482538,train
289,20.106468,19.074198,train
290,16.113205,17.396635,test
291,17.555815,17.659615,train
292,20.012899,20.049976,train
293,19.004208,18.157537,train
294,18.578955,18.338297,train
295,20.515125,20.277824,test
296,19.725042,19.927628,train
297,20.34873,20.09874,train
298,18.957361,19.266806,test
299,19.349016,18.94306,train
300,21.302437,21.192299,train
301,20.151379,18.932526,train
302,18.294044,19.024792,train
303,17.467016,17.802328,train
304,16.198757,17.058798,train
305,15.817435,16.808525,val
306,22.525791,22.408413,train
307,17.434856,17.172083,train
308,18.80607,18.776381,train
309,18.760241,19.143368,train
310,18.256617,18.552914,train
311,20.644814,20.388666,train
312,21.054028,20.810843,test
313,17.789356,19.542501,train
314,18.590897,18.569845,train
315,21.737038,21.264305,train
316,18.856283,19.009678,val
317,18.308645,18.268595,train
318,17.413895,17.74868,train
319,21.035864,19.86973,val
320,17.71545,17.812956,train
321,19.824827,20.504305,train
322,18.671963,18.779591,train
323,18.24054,18.43067,train
324,18.139528,18.000885,test
325,18.818705,18.351477,train
326,20.360329,20.156551,train
327,18.441492,19.397816,train
328,24.758883,24.292866,test
329,22.12615,21.558048,train
330,19.20261,17.359388,test
331,18.50083,18.926876,train
332,16.523375,16.495068,train
333,22.07243,21.320808,train
334,19.648691,19.064388,train
335,18.260469,17.286795,train
336,19.875696,19.787224,train
337,16.802692,17.601858,train
338,18.774614,19.569212,val
339,23.630692,23.916576,train
340,20.987236,20.912903,train
341,17.966593,17.839956,train
342,17.986637,18.554457,val
343,18.782578,19.220318,val
344,18.239048,17.881754,train
345,18.443569,17.792831,train
346,20.883875,20.944817,train
347,19.732454,18.983316,train
348,19.875994,21.206505,test
349,24.017879,22.557884,train
350,19.26952,19.293371,train
351,19.308329,19.157063,train
352,21.357973,21.626759,test
353,18.115469,17.439642,train
354,21.462944,20.759144,train
355,19.602837,18.912548,val
356,18.544922,18.527924,train
357,17.986361,17.988665,train
358,17.322758,17.604771,train
359,19.255911,19.845783,test
360,20.905622,19.259895,train
361,22.656553,22.210138,test
362,21.990229,22.844101,val
363,24.404612,24.538809,train
364,21.889074,21.164707,train
365,22.196043,22.08959,train
366,23.366024,23.78619,val
367,18.93132,18.770241,train
368,19.146759,19.013218,train
369,16.605877,16.99099,train
370,19.292063,20.093811,train
371,20.620708,21.204456,test
372,18.237495,18.240313,train
373,21.444159,20.020651,train
374,23.019274,22.322575,train
375,23.207468,22.414854,train
376,18.859055,17.659548,test
377,19.557261,20.072628,test
378,18.800474,18.670801,val
379,19.691212,19.296198,train
380,16.553988,17.000227,val
381,20.723171,20.578146,train
382,17.17638,18.716402,test
383,23.972103,23.74131,train
384,19.292101,19.507214,val
385,23.254372,23.509497,train
386,17.91733,18.170315,train
387,23.792315,23.549576,train
388,15.332442,16.617891,val
389,18.040634,18.462627,train
390,18.792353,18.963287,train
391,24.632441,23.877262,test
392,22.079311,21.26001,val
393,18.745388,20.092995,train
394,18.862955,18.474079,val
395,18.362238,18.195532,test
396,22.65,22.450321,train
397,18.518564,18.108919,train
398,21.15431,20.358538,train
399,21.111389,20.582497,train
400,22.829924,21.87167,train
401,20.719675,19.955284,train
402,18.959446,18.390772,train
403,18.07271,17.810486,train
404,17.773359,18.279896,test
405,19.614874,18.139387,train
406,17.713209,17.904505,train
407,17.116146,17.218702,train
408,15.462928,16.87142,train
409,18.991034,18.605707,train
410,20.057432,19.256567,train
411,19.11426,18.085005,train
412,20.751896,20.555286,train
413,19.951847,19.236145,test
414,21.21402,21.263912,train
415,17.137722,17.934231,train
416,19.061901,19.009933,train
417,20.467222,19.944567,test
418,20.247799,19.308167,train
419,18.358301,18.659418,train
420,19.245827,18.75514,train
421,17.234356,16.98864,val
422,26.574356,24.788639,train
423,20.172026,20.350544,test
424,17.258751,17.769011,train
425,18.828733,18.602253,train
426,20.161753,20.379728,val
427,24.145088,23.595373,train
428,25.150837,23.846678,train
429,18.250862,18.234835,train
430,18.290956,18.861519,test
431,17.255108,18.338203,val
432,21.752678,21.083847,train
433,20.591263,20.293871,val
434,16.762009,18.843388,train
435,16.895412,16.454132,val
436,21.862986,22.288437,train
437,20.79904,22.229162,test
438,18.85396,18.442438,train
439,19.607676,19.833477,train
440,19.329683,19.438168,train
441,25.159393,24.049599,train
442,24.456514,23.274742,train
443,16.646078,16.456646,val
444,19.264023,20.028152,train
445,21.32127,21.06694,train
446,17.328621,17.080845,train
447,19.678707,18.899906,train
448,18.110865,19.120541,train
449,17.260897,17.425779,train
450,24.356859,21.995346,test
451,18.957041,18.548708,train
452,18.835207,18.468622,train
453,22.602983,22.090565,train
454,15.730019,16.169306,train
455,20.319464,19.85441,test
456,21.26745,21.428846,train
457,18.246061,18.288303,train
458,20.896532,20.403725,train
459,21.509823,21.480751,train
460,19.812315,19.891291,train
461,20.871635,20.833881,train
462,20.567696,21.070902,test
463,26.432793,25.107967,train
464,18.598066,18.721798,test
465,18.131161,18.771008,test
466,19.470369,19.151491,train
467,18.880894,18.755714,train
468,16.971428,17.015442,train
469,19.048021,19.872364,test
470,19.418221,19.234245,train
471,23.606489,23.376942,train
472,18.990507,18.705004,train
473,18.45463,17.949848,train
474,20.956842,21.649176,train
475,19.475796,20.451826,train
476,19.649174,19.109329,test
477,23.118065,23.06649,train
478,18.392241,18.553391,train
479,19.813862,20.804291,val
480,18.643795,19.39287,val
481,19.91799,21.751848,train
482,17.199076,16.897186,val
483,18.542191,18.353596,test
484,17.684898,18.585211,train
485,18.622702,18.650105,train
486,18.870472,19.141462,train
487,17.482409,18.167513,train
488,20.394974,19.416769,train
489,17.531858,18.246704,train
490,18.421036,18.479624,train
491,24.364771,24.33124,train
492,22.363031,22.028524,train
493,19.302574,20.321497,test
494,20.628225,19.826372,train
495,21.282099,20.819836,train
496,17.410021,17.308355,train
497,20.461935,20.613628,test
498,18.096031,17.477234,train
499,22.471947,20.626167,train
500,18.716488,18.961271,train
501,15.39521,17.244171,train
502,19.211517,18.241306,test
503,18.055746,17.281902,test
504,18.824425,18.755777,train
505,18.947844,19.486307,train
506,17.542109,18.160427,val
507,17.294973,17.778027,test
508,17.229988,17.879663,test
509,19.526257,19.950661,test
510,19.513525,18.848324,train
511,17.351669,17.430958,train
512,18.613735,19.140131,train
513,17.818533,18.362202,train
514,22.141191,20.973522,val
515,17.391275,17.351906,train
516,18.304502,17.945486,train
517,19.031263,18.124798,train
518,19.302713,19.24239,train
519,18.193247,18.681208,train
520,18.155573,18.391693,test
521,21.090784,21.539827,train
522,18.28731,17.742491,train
523,19.644289,19.557255,train
524,22.111242,21.183008,train
525,19.014606,18.544399,test
526,20.427399,20.93273,train
527,18.244038,18.59654,train
528,16.936926,17.303976,train
529,22.236328,20.382168,val
530,23.08057,22.487253,test
531,24.802031,24.666136,train
532,20.038546,19.919859,train
533,18.520018,18.576483,train
534,19.225107,19.862013,train
535,21.779438,21.395966,train
536,17.274504,17.95669,val
537,20.692795,19.688913,train
538,16.470514,16.206667,train
539,20.184935,19.635595,train
540,18.411703,19.367035,train
541,25.549026,25.4543,val
542,16.067131,16.109909,train
543,20.365252,20.681568,train
544,18.6017,17.901979,train
545,20.502312,19.485689,train
546,21.129305,20.977978,train
547,19.039169,18.682566,train
548,18.084497,18.695713,test
549,20.117929,19.288534,train
550,18.271393,19.059,train
551,18.876741,19.434969,train
552,20.192797,21.372564,train
553,21.66688,20.736969,train
554,23.388777,22.70892,test
555,17.829823,17.640394,train
556,18.912695,18.883963,test
557,17.008785,18.122936,train
558,19.357113,19.182373,train
559,16.711372,17.196424,train
560,20.288979,19.97127,test
561,17.140369,18.109137,train
562,20.71818,20.742214,train
563,22.397961,21.373466,train
564,22.185892,21.656834,val
565,17.09137,16.730787,test
566,18.353201,17.247438,test
567,16.916924,17.512661,val
568,19.237005,18.73539,val
569,19.44541,18.759182,train
570,18.848583,18.250114,train
571,23.760046,23.309235,train
572,17.097197,17.236465,train
573,17.236244,16.990395,train
574,19.84284,21.075281,test
575,24.493202,23.600384,val
576,20.996799,22.018097,test
577,20.819496,20.750204,train
578,19.407089,19.517696,train
579,20.078508,19.013182,train
580,19.124231,20.168383,test
581,23.768383,22.849516,test
582,20.24649,19.676426,test
583,22.80386,21.994915,train
584,17.821756,17.835161,train
585,22.414116,21.86767,train
586,23.506126,23.809292,train
587,20.101507,19.69911,train
588,20.26465,21.199846,train
589,18.219574,17.73208,train
590,19.817766,19.516624,val
591,19.04656,18.402748,test
592,17.803358,17.66436,train
593,17.141651,18.097143,train
594,21.062813,21.379881,train
595,19.146229,18.848087,train
596,21.08827,21.221924,train
597,16.839802,17.757244,train
598,18.071064,18.35664,test
599,21.846462,21.821672,train
600,18.660294,17.634611,train
601,22.593607,22.728436,train
602,17.110229,16.716259,train
603,20.46719,19.72262,train
604,20.117691,19.943983,train
605,17.634781,19.771435,test
606,22.442564,22.178732,val
607,18.391787,18.970085,val
608,19.356813,18.928852,test
609,19.534054,20.893883,test
610,19.366955,20.722858,train
611,20.926065,20.24156,train
612,18.79624,18.225554,train
613,18.617832,18.8027,train
614,25.278643,24.243942,train
615,16.829866,16.853085,train
616,23.043133,23.210741,val
617,17.61557,18.209564,train
618,19.986923,20.880125,test
619,19.910831,19.80695,train
620,19.456381,19.667694,train
621,17.990061,18.241137,val
622,18.193514,17.710659,train
623,23.813551,21.169508,train
624,21.302553,20.4473,train
625,16.498655,18.107058,train
626,17.675276,17.98822,train
627,18.800375,20.509207,train
628,21.197985,20.807402,train
629,21.160872,19.920805,val
630,21.674217,21.412935,test
631,21.606659,19.644276,train
632,23.131912,23.734081,val
633,19.241991,18.539408,train
634,21.94879,22.325369,train
635,16.420654,17.248777,val
636,19.977648,19.576317,train
637,20.062895,19.486671,train
638,16.840715,17.667456,val
639,19.986094,18.956236,train
640,16.844791,16.822418,train
641,18.143654,19.549175,train
642,20.823112,21.19429,train
643,20.9958,20.738174,test
644,17.06045,17.300253,train
645,17.137026,16.35541,train
646,19.805014,19.651064,test
647,20.823868,19.533705,val
648,17.516729,16.897352,test
649,16.925613,17.100981,train
650,20.676758,21.49474,test
651,17.271727,18.149792,test
652,18.40122,17.886177,train
653,22.413921,23.022236,val
654,18.956514,18.57526,train
655,19.481611,19.561132,test
656,17.524551,17.370722,train
657,19.577614,19.40818,test
658,18.847309,18.591059,train
659,22.241619,21.797997,train
660,22.268829,20.783342,val
661,23.537302,23.826553,test
662,21.000761,20.918089,test
663,20.878065,21.574749,test
664,18.708042,18.501699,test
665,18.499884,19.097157,val
666,20.262617,19.800619,test
667,20.640303,20.029205,train
668,17.507235,17.97644,val
669,18.494553,19.266178,train
670,19.621725,19.344431,train
671,22.519915,22.932415,train
672,20.749598,21.183723,train
673,19.581007,19.508993,train
674,19.141636,19.61202,test
675,15.536694,16.726042,test
676,18.260029,17.220905,train
677,21.046501,20.86149,train
678,18.859447,19.152115,train
679,19.845163,20.987843,val
680,23.130692,22.029037,train
681,17.262535,17.358006,train
682,19.811838,19.146292,train
683,18.279537,18.772682,test
684,22.369537,21.879892,val
685,17.811049,18.569075,train
686,19.761143,18.842321,train
687,20.138697,20.762163,train
688,17.182173,17.565826,train
689,20.93285,21.582096,train
690,20.907801,20.94627,val
691,20.545996,19.763372,test
692,20.972681,20.118692,train
693,20.549465,20.348545,train
694,20.619801,20.761303,train
695,19.219141,18.753546,train
696,20.438774,20.389446,test
697,18.905857,20.588459,train
698,22.547379,22.244148,train
699,19.509733,19.423494,train
700,22.882578,23.052698,val
701,18.03381,18.205917,val
702,18.704155,18.523661,train
703,7.6894274,17.846472,train
704,23.157246,22.775345,train
705,20.924026,20.820591,train
706,19.018831,18.643066,val
707,15.933281,16.458157,train
708,18.837292,19.237753,val
709,21.289307,21.205961,train
710,17.494556,17.745268,train
711,21.797731,22.647869,train
712,20.800957,20.299877,train
713,19.853064,20.100092,val
714,22.571718,21.673668,train
715,19.42948,20.291517,train
716,20.669739,19.38168,train
717,22.239918,21.879797,train
718,21.183723,21.151558,train
719,18.563789,18.558491,train
720,16.803268,16.904919,train
721,21.122267,21.09164,train
722,21.825661,21.042608,train
723,18.937677,18.49964,train
724,22.055885,21.269241,train
725,20.191219,20.251488,test
726,21.392179,20.509325,train
727,21.474747,20.548662,train
728,20.778471,21.286968,train
729,23.094963,22.747517,test
730,24.096121,23.250315,train
731,21.140255,20.580385,train
732,23.850842,23.385723,train
733,19.412857,19.04097,train
734,21.684134,22.716204,val
735,17.039097,18.240398,test
736,19.192221,19.096058,test
737,20.198164,19.700905,train
738,20.682396,20.122952,train
739,18.642553,18.907169,train
740,19.642557,20.223528,train
741,23.028807,22.112808,train
742,21.008554,20.062046,val
743,19.766027,19.438686,train
744,16.464405,16.902451,val
745,26.048645,25.481478,val
746,19.118111,19.207434,val
747,20.187664,19.216539,train
748,20.793221,20.074903,val
749,17.794085,17.271746,train
750,17.734312,17.947683,train
751,18.331329,17.900635,val
752,19.125721,19.580774,test
753,20.026632,20.987638,train
754,17.874537,17.981022,train
755,24.607748,23.646805,train
756,18.027941,20.270061,train
757,18.132025,17.603554,train
758,21.092428,21.102085,train
759,16.839703,17.181234,test
760,24.447706,25.253979,val
761,21.669661,20.875784,test
762,17.321337,17.715561,train
763,20.073503,19.884451,train
764,21.937958,21.703703,train
765,18.614742,17.983904,train
766,18.080849,18.504093,train
767,20.847937,20.584417,val
768,17.611382,18.151945,train
769,19.593504,19.892527,train
770,17.808483,17.901548,train
771,21.266018,20.143339,test
772,18.98769,19.343298,val
773,18.897697,18.943705,val
774,16.583282,17.017935,val
775,22.183178,21.547176,train
776,18.724512,19.179123,val
777,20.426096,19.47283,test
778,18.242157,17.894939,train
779,18.045176,18.47245,train
780,19.641003,19.140966,test
781,22.034794,21.692257,train
782,18.335669,18.341148,test
783,20.644367,21.091682,test
784,22.746527,21.631189,train
785,23.401121,22.881454,test
786,19.166765,18.754866,train
787,18.547567,18.655396,val
788,20.715929,19.824295,train
789,22.061537,22.02729,train
790,19.603899,19.122894,train
791,21.873411,20.417665,train
792,18.290407,17.607414,train
793,20.006378,18.978392,train
794,22.073828,22.390402,train
795,17.989477,18.700613,train
796,18.726204,18.076452,test
797,20.741161,20.950094,train
798,19.33761,19.377316,val
799,21.787746,20.63129,train
800,20.678333,20.625004,train
801,19.553156,20.19754,train
802,18.964077,17.763885,train
803,18.951902,18.703558,train
804,16.589775,17.077126,train
805,19.098255,19.7103,val
806,20.491856,19.608461,test
807,18.111282,17.575556,val
808,16.507063,17.000607,train
809,19.368883,19.431791,train
810,18.059286,19.210503,val
811,24.495552,24.386383,train
812,19.018925,18.642929,train
813,19.485781,19.719595,test
814,21.238619,20.958408,val
815,20.626707,21.831961,train
816,20.283751,19.530199,train
817,17.4482,18.251654,train
818,21.645554,21.220654,train
819,18.963554,17.860163,train
820,21.360397,21.615118,train
821,18.14609,18.115274,train
822,23.08819,23.021297,test
823,22.21649,21.539165,train
824,17.698502,17.702654,train
825,18.271471,19.302303,train
826,19.080864,19.13196,train
827,19.146502,19.078386,train
828,17.627113,17.796553,train
829,17.664436,18.99855,train
830,22.455599,22.677233,train
831,18.847595,18.667629,train
832,20.990753,20.043322,train
833,18.79031,19.314426,train
834,18.524076,18.650057,train
835,21.859198,20.869532,test
836,20.936186,20.722485,val
837,22.615765,22.453852,val
838,23.277714,23.214861,val
839,21.131361,20.580648,train
840,18.103857,18.639023,val
841,20.529568,20.427313,test
842,15.891565,16.005852,train
843,22.308723,21.915316,train
844,19.41201,20.370932,train
845,17.097073,17.650522,test
846,18.249676,18.154079,test
847,17.552372,17.36306,train
848,19.500675,18.518904,train
849,17.041161,17.526194,train
850,20.530958,19.474358,test
851,20.86582,19.988869,train
852,18.498669,18.157179,val
853,18.894156,18.909555,train
854,19.423313,19.66753,train
855,17.252199,17.482929,train
856,17.706224,17.485262,train
857,16.770252,17.626366,train
858,21.069901,19.562109,train
859,21.597023,21.254206,train
860,20.181356,20.112589,train
861,17.709602,18.537659,test
862,17.63727,17.606367,train
863,18.884335,19.243652,val
864,17.277031,17.880672,val
865,23.52191,21.675541,train
866,25.751036,25.072376,val
867,20.195196,19.30612,val
868,19.136967,18.441853,train
869,20.986662,19.347555,test
870,19.734129,19.537222,test
871,23.480482,22.402723,val
872,17.603624,17.632406,train
873,20.087233,20.167706,val
874,17.789522,17.533888,train
875,19.045279,18.439018,test
876,21.627407,22.260973,train
877,19.644617,18.642504,train
878,17.815302,18.368261,train
879,19.160166,18.525524,test
880,20.831234,20.475548,val
881,17.710783,17.273514,val
882,18.160076,17.857014,val
883,21.186193,20.318016,val
884,20.434475,19.703972,train
885,18.163311,19.079079,train
886,21.41769,21.460918,test
887,18.462366,18.702568,val
888,17.865965,18.056305,train
889,18.521711,18.694403,train
890,18.704243,17.947826,train
891,20.953318,19.770727,train
892,19.168293,19.543739,train
893,21.860889,23.076441,test
894,19.146166,19.074148,train
895,17.233311,17.638241,test
896,20.597542,20.816938,train
897,20.198225,20.003967,train
898,21.357981,21.088486,val
899,21.752481,21.212255,train
900,18.925964,19.198668,train
901,20.533072,19.51461,train
902,20.926064,20.688671,test
903,17.679148,16.893665,train
904,19.755896,18.898933,train
905,18.363655,17.735786,train
906,22.694565,22.585171,train
907,18.774603,18.635038,train
908,18.063158,18.25423,train
909,18.404633,17.806549,train
910,16.283892,17.74431,train
911,17.158136,16.711306,val
912,17.685316,17.433472,test
913,20.843384,20.500523,train
914,18.700783,18.092018,train
915,18.949102,19.506187,train
916,21.345837,20.632978,train
917,21.204517,21.165899,train
918,17.432531,18.174707,train
919,24.014513,22.760382,train
920,19.20528,19.736538,train
921,22.020861,22.02001,train
922,20.72249,20.477442,test
923,17.268019,17.82778,train
924,19.867683,19.606424,train
925,17.916622,18.638407,train
926,21.222054,21.152061,train
927,19.615843,19.900202,train
928,19.768772,19.375664,train
929,18.634016,17.614733,train
930,18.686773,19.276106,train
931,20.803295,20.363327,train
932,18.29817,18.233749,train
933,25.250679,25.513237,train
934,19.682896,19.024548,val
935,20.09713,20.075474,train
936,18.164606,17.889597,test
937,18.934359,19.060539,val
938,19.287031,18.94322,train
939,18.622952,17.888105,train
940,18.463066,18.138386,train
941,24.260763,24.597853,train
942,20.709328,19.663395,train
943,23.305023,22.585497,val
944,18.251244,18.518932,val
945,17.827021,17.741798,train
946,20.177565,20.583597,test
947,17.606842,18.249723,val
948,16.596291,17.333382,train
949,18.800671,19.210226,train
950,23.387842,22.669441,train
951,22.261236,21.36558,val
952,18.672054,18.353735,val
953,17.269712,17.68828,test
954,20.082678,19.577997,train
955,19.463831,18.516825,train
956,19.627106,19.824635,test
957,22.815565,23.480444,train
958,24.201426,22.865837,train
959,21.133106,19.91477,val
960,19.170506,18.228788,val
961,23.576832,23.591036,train
962,23.258772,21.739799,test
963,20.54851,21.471725,train
964,19.67214,19.354786,train
965,17.366581,18.314199,train
966,21.879345,21.903875,val
967,22.077745,22.279516,train
968,23.130482,22.727015,train
969,20.208378,21.074524,train
970,18.322805,18.134624,train
971,20.608089,21.012657,val
972,20.688719,20.980328,train
973,21.396408,21.540592,train
974,20.987457,21.13796,train
975,18.379875,19.509825,train
976,18.92812,18.095976,train
977,20.510445,20.79492,train
978,24.448788,24.198677,train
979,21.616055,20.579264,train
980,17.557096,17.82383,val
981,19.009821,19.170929,val
982,20.246868,20.229019,train
983,18.555267,18.672422,train
984,18.362036,18.442417,train
985,20.03512,19.975044,val
986,20.696949,21.002558,test
987,18.009756,18.55827,train
988,19.998926,20.142738,train
989,20.695314,20.779518,test
990,22.775547,23.104486,train
991,17.908728,18.704145,train
992,22.419798,22.42119,train
993,24.173496,22.986839,train
994,19.96324,19.259602,test
995,19.666164,19.297411,train
996,23.600842,23.744663,train
997,21.254585,20.09326,train
998,19.792221,19.395002,val
999,20.114136,19.784967,train
1000,15.877507,16.304937,test
1001,21.255848,20.519556,val
1002,20.258179,19.014332,val
1003,16.838163,17.717941,train
1004,17.573448,18.8267,train
1005,16.941397,17.60924,train
1006,20.763815,18.92765,test
1007,19.786961,19.281525,train
1008,17.735128,18.580286,val
1009,17.604095,17.189812,train
1010,20.689575,19.596052,train
1011,21.874249,20.229,test
1012,17.814163,17.941854,test
1013,21.440046,20.960091,val
1014,21.122396,20.308914,test
1015,16.766314,17.025595,test
1016,17.428492,17.070917,train
1017,15.557224,15.705726,train
1018,16.469812,16.86211,train
1019,17.860676,17.96397,train
1020,16.445076,16.378292,train
1021,16.920673,17.755646,train
1022,17.970503,17.242489,train
1023,19.812677,19.037441,test
1024,15.010442,16.068634,val
1025,18.115047,18.050524,train
1026,15.519803,16.471121,val
1027,20.652269,20.078014,train
1028,17.151491,18.274717,train
1029,19.948473,21.185184,test
1030,18.751566,17.943577,val
1031,16.718208,16.506496,val
1032,18.558167,19.01927,train
1033,18.917244,18.10582,val
1034,18.402655,18.281258,val
1035,18.902267,18.838459,train
1036,18.837877,17.94842,test
1037,21.179426,20.162735,test
1038,17.288069,17.714689,train
1039,19.214138,19.525749,train
1040,16.667454,16.530464,train
1041,18.91531,18.477894,val
1042,18.053169,17.991356,train
1043,16.386456,16.57913,train
1044,18.169445,18.330702,train
1045,21.906708,19.94211,test
1046,19.432346,19.985056,test
1047,17.18457,17.110676,val
1048,16.974131,16.902084,train
1049,17.232967,17.240437,train
1050,16.539265,18.580141,train
1051,17.424854,17.235502,train
1052,16.959917,17.353758,val
1053,16.236149,16.792078,test
1054,18.972795,18.648384,train
1055,19.216585,19.495703,train
1056,17.447317,18.370062,train
1057,16.75069,17.13739,train
1058,18.294382,18.832165,train
1059,21.705877,20.663149,train
1060,19.109755,19.340977,train
1061,15.024721,16.345406,test
1062,17.857336,18.429184,train
1063,17.402954,17.470079,train
1064,19.563795,19.614433,val
1065,21.6024,22.012402,train
1066,16.90204,17.513227,train
1067,17.349318,18.529253,train
1068,20.12174,20.559059,train
1069,15.314284,16.304218,train
1070,17.649923,18.101797,test
1071,19.575457,19.28261,train
1072,16.891787,17.126348,train
1073,15.877145,17.077602,test
1074,15.063613,15.398072,train
1075,18.515448,18.249447,val
1076,19.827345,19.433321,train
1077,18.993507,18.270206,train
1078,16.449577,16.440468,train
1079,19.064518,19.201525,val
1080,19.424194,18.047457,train
1081,15.341565,15.391007,train
1082,18.046104,17.64229,train
1083,19.355755,19.165596,train
1084,22.154903,20.685974,test
1085,20.024572,20.98624,train
1086,17.928747,17.582579,val
1087,18.425684,18.783751,test
1088,22.432606,21.201761,test
1089,20.618021,20.620029,train
1090,18.191805,18.474367,train
1091,20.282301,20.937654,train
1092,20.472897,19.899237,train
1093,14.921974,15.746986,train
1094,17.653692,17.453669,val
1095,19.540751,18.707409,train
1096,17.36569,17.048328,train
1097,20.680765,21.048721,train
1098,18.220991,18.167013,train
1099,16.621262,17.32686,train
1100,18.752386,19.246899,train
1101,7.319509,17.82547,train
1102,17.678707,18.219946,train
1103,5.1730623,17.273291,train
1104,22.277721,22.284046,train
1105,19.031496,18.123825,train
1106,19.203842,19.407316,train
1107,20.675316,21.527969,train
1108,17.392986,17.868904,train
1109,19.298178,19.345697,train
1110,15.349688,15.965258,train
1111,19.269234,19.412226,train
1112,19.173111,18.975372,train
1113,17.108515,18.140482,train
1114,17.530384,17.458424,train
1115,17.358175,18.429167,train
1116,17.513813,17.115955,train
1117,21.900787,20.436569,val
1118,16.230848,16.949579,train
1119,19.189341,18.517351,test
1120,16.192884,16.768608,test
1121,17.879089,16.674099,train
1122,17.433723,17.719711,val
1123,17.801311,17.926702,val
1124,17.953587,18.370426,val
1125,19.345655,18.265551,train
1126,19.322128,20.148039,test
1127,17.618683,17.964361,train
1128,20.305506,19.193569,val
1129,17.126169,17.792929,train
1130,19.626808,19.051884,train
1131,20.528551,19.514294,train
1132,19.15542,18.007191,train
1133,17.512236,16.96604,train
1134,16.645418,17.177322,train
1135,20.011925,20.354855,train
1136,7.7614164,18.829149,test
1137,19.548405,20.028028,train
1138,18.304777,19.917377,val
1139,20.59404,20.155594,train
1140,3.0070455,17.563665,train
1141,20.206692,18.142982,test
1142,18.690563,17.916445,test
1143,18.212057,18.806131,test
1144,16.892536,17.020262,test
1145,19.158455,20.199352,test
1146,16.021461,16.222141,train
1147,19.570749,20.159929,train
1148,16.709362,16.502827,test
1149,17.608467,17.559519,train
1150,17.648283,18.092209,train
1151,18.273142,18.675999,val
1152,17.851118,18.417561,test
1153,16.348103,17.129868,train
1154,15.063543,16.752434,train
1155,20.90822,20.653088,train
1156,20.615862,21.032242,train
1157,18.694344,19.256817,train
1158,19.624113,18.00461,train
1159,18.074078,17.646967,train
1160,15.949782,15.789122,val
1161,18.328609,18.436239,train
1162,22.443577,22.932007,train
1163,18.151762,17.583712,test
1164,16.807062,16.599775,train
1165,16.802187,17.73918,val
1166,20.52301,20.049177,test
1167,17.404194,17.280092,train
1168,18.6154,18.830473,train
1169,21.37977,21.070505,val
1170,16.819641,16.230024,val
1171,23.947943,23.34848,train
1172,19.417187,19.012079,train
1173,18.5606,18.912886,train
1174,17.550999,17.194632,train
1175,22.309933,21.069424,train
1176,16.728239,16.628059,train
1177,19.027674,19.143305,train
1178,18.385502,17.837183,train
1179,18.590788,19.930408,train
1180,20.316853,20.728559,val
1181,20.528637,20.566729,train
1182,17.459343,17.937311,val
1183,20.874823,21.304754,val
1184,22.704199,22.096529,train
1185,20.047312,19.630972,train
1186,20.051167,18.767849,train
1187,19.994986,19.51852,train
1188,17.22287,17.5007,train
1189,19.33263,19.79052,train
1190,20.110823,19.479395,train
1191,9.5971661,15.934637,train
1192,22.253313,22.19619,train
1193,16.219515,16.56501,train
1194,16.698736,16.413548,train
1195,19.083981,18.663345,test
1196,16.785212,16.170626,train
1197,17.047211,16.516003,train
1198,18.896584,19.566853,test
1199,19.926258,20.275953,train
1200,17.077757,18.136709,train
1201,20.193752,18.816778,val
1202,18.887196,20.219091,val
1203,19.769073,19.702179,train
1204,17.391956,18.786707,train
1205,17.870003,18.044706,train
1206,17.088591,17.99789,test
1207,20.109331,19.083824,train
1208,17.934574,18.384476,train
1209,17.737318,17.755157,train
1210,19.170523,18.226431,train
1211,18.436251,19.736155,val
1212,17.995354,17.931892,train
1213,18.386337,17.199942,train
1214,19.575996,18.991289,test
1215,16.547874,17.334927,train
1216,17.200966,18.058178,train
1217,17.235092,17.2535,train
1218,17.955227,19.350483,train
1219,19.669907,20.151157,test
1220,20.378086,19.892168,train
1221,19.47468,18.876747,train
1222,18.500366,18.523291,train
1223,18.898859,19.368532,train
1224,19.650879,19.093746,train
1225,16.906061,17.923903,test
1226,19.993673,21.938446,test
1227,19.70989,18.964178,train
1228,17.657215,18.843935,val
1229,18.796146,18.834066,train
1230,18.869375,20.01478,train
1231,17.627571,18.419771,train
1232,21.777922,21.609554,train
1233,19.085968,20.422104,train
1234,18.092915,17.525295,train
1235,15.581579,16.779303,train
1236,19.205132,18.538752,train
1237,18.39892,18.408302,train
1238,19.625771,19.275805,test
1239,17.118999,17.703461,train
1240,20.267653,20.243986,val
1241,19.331896,20.153261,train
1242,17.702917,17.257679,val
1243,19.596277,18.292608,val
1244,19.415854,20.268862,train
1245,19.351196,19.426619,train
1246,19.302624,19.295715,train
1247,19.403193,19.094156,test
1248,20.804506,20.69236,train
1249,17.543575,18.958166,train
1250,16.331541,17.190271,train
1251,15.353031,16.361992,train
1252,17.313147,17.533077,val
1253,17.683189,17.284651,train
1254,18.33943,18.458839,train
1255,20.000561,20.146042,val
1256,19.229671,20.415592,val
1257,18.211393,17.112381,train
1258,18.932625,18.728611,val
1259,14.16712,15.488218,train
1260,18.868261,19.234884,train
1261,18.519573,18.470884,test
1262,16.636606,16.972717,train
1263,19.133345,18.516201,train
1264,16.757391,17.304068,train
1265,17.900154,18.243652,train
1266,21.250189,20.620464,val
1267,21.769861,21.13825,train
1268,18.043564,18.651119,train
1269,17.634657,16.612013,train
1270,18.553991,18.32897,train
1271,18.226383,17.902166,train
1272,21.017225,19.849794,train
1273,17.041502,17.140152,train
1274,19.122253,19.537422,train
1275,19.427496,18.414211,train
1276,18.076349,19.055515,train
1277,18.118771,18.736658,train
1278,18.384758,18.429815,train
1279,19.37533,19.635521,train
1280,15.705869,15.934975,train
1281,18.935467,18.178926,test
1282,18.542959,17.715199,train
1283,19.758101,19.930178,val
1284,17.392305,17.576546,train
1285,18.117529,18.921545,train
1286,18.586819,18.498734,train
1287,17.686016,17.59037,train
1288,14.76506,15.95404,train
1289,15.02658,15.496539,train
1290,18.336561,18.020599,train
1291,20.273417,19.398888,train
1292,16.40934,16.395302,train
1293,17.120434,17.326466,val
1294,20.004412,19.693703,test
1295,22.014994,21.849808,val
1296,19.573895,20.182695,train
1297,15.991021,16.473497,train
1298,20.381433,20.57962,train
1299,19.574675,18.614725,train
1300,20.758329,21.054026,val
1301,19.549749,18.226116,train
1302,18.946539,18.03965,train
1303,20.658371,19.480677,test
1304,17.660467,19.100763,train
1305,18.527292,18.341854,train
1306,21.535587,21.276093,train
1307,17.948442,18.65587,val
1308,17.813686,17.736149,train
1309,18.095745,18.745893,train
1310,17.363663,17.402912,train
1311,18.238886,18.60891,train
1312,21.625574,21.149315,train
1313,18.103062,18.099503,train
1314,19.046389,18.971092,train
1315,21.450872,19.491947,train
1316,18.646599,18.821051,test
1317,19.906832,19.561094,train
1318,17.306267,17.487104,train
1319,15.354835,16.106079,train
1320,22.341873,22.227024,train
1321,18.111679,19.777733,train
1322,16.714819,15.773233,val
1323,18.142572,18.343693,train
1324,15.076203,15.380646,test
1325,19.908279,19.956758,train
1326,16.618073,16.908119,train
1327,18.866161,18.603691,train
1328,21.179169,20.344374,train
1329,17.609402,18.053801,train
1330,15.397794,16.80681,train
1331,15.366983,15.6592,train
1332,17.673782,18.492458,train
1333,19.015316,19.412687,test
1334,19.676149,19.881815,train
1335,18.172098,18.496325,train
1336,16.336966,17.286417,train
1337,20.423105,20.223682,test
1338,17.314596,16.903822,val
1339,18.846376,18.550259,train
1340,19.679207,20.233013,val
1341,19.328009,19.919449,train
1342,18.374384,18.349724,train
1343,14.598604,16.40127,test
1344,16.564625,17.587477,test
1345,18.170359,18.371614,test
1346,17.628645,17.930223,train
1347,19.787453,19.21023,train
1348,17.491732,16.866238,train
1349,22.104616,19.13744,test
1350,19.215773,19.606594,test
1351,22.312765,21.604446,train
1352,20.746895,19.150915,train
1353,18.254915,17.92025,train
1354,6.6228194,17.169525,train
1355,17.939066,19.396368,train
1356,17.701389,18.986748,train
1357,20.242596,19.306555,train
1358,19.729986,19.384668,train
1359,20.561743,19.985657,train
1360,17.556057,18.707134,train
1361,16.042931,17.146511,test
1362,16.396837,16.541552,val
1363,20.315018,19.590321,train
1364,17.074957,17.752043,train
1365,17.386349,16.567678,val
1366,19.391996,20.156836,train
1367,21.794674,21.225794,train
1368,20.079552,19.381315,val
1369,17.657129,17.716661,val
1370,18.730078,18.570738,train
1371,18.913309,19.718344,train
1372,16.244577,17.283646,train
1373,18.40398,19.814915,test
1374,23.415457,22.475855,train
1375,21.817377,21.181736,test
1376,17.648373,17.893515,val
1377,17.000101,18.602419,train
1378,19.047417,18.580883,test
1379,17.829897,17.762329,train
1380,15.411574,16.524826,train
1381,19.401949,18.939472,train
1382,20.142811,20.430803,train
1383,17.168646,16.490229,train
1384,22.269842,22.53343,train
1385,16.51565,16.429585,train
1386,17.936459,17.939882,train
1387,16.329264,17.126883,train
1388,21.361908,21.206089,train
1389,18.35914,18.201372,train
1390,17.314465,17.83161,train
1391,19.838976,18.701574,train
1392,18.780695,19.120255,train
1393,18.182304,18.252863,test
1394,17.694569,17.406084,train
1395,18.478554,18.957983,train
1396,16.772697,17.246145,train
1397,19.15992,19.626541,train
1398,17.176233,18.414808,train
1399,18.163437,18.540689,train
1400,17.519157,17.636127,test
1401,18.987907,18.985338,train
1402,19.475164,19.355249,val
1403,18.01211,17.591257,train
1404,19.023899,18.291855,train
1405,18.56658,19.081127,test
1406,19.364098,19.615454,val
1407,18.874395,19.506165,train
1408,16.428202,18.050888,train
1409,18.219173,17.171267,train
1410,18.124983,17.652908,train
1411,16.689632,16.928123,val
1412,16.388159,17.489441,train
1413,20.215616,18.435398,train
1414,17.876413,18.305716,train
1415,17.314072,16.51952,train
1416,16.347624,17.727037,train
1417,19.091478,18.434156,train
1418,16.667105,17.85541,train
1419,19.671139,19.36721,train
1420,18.506786,18.720905,train
1421,15.956446,18.32766,train
1422,20.098993,19.667959,test
1423,17.443964,17.96451,train
1424,16.919365,16.789053,train
1425,17.20578,17.934992,train
1426,17.790031,18.511309,val
1427,18.682781,18.121397,train
1428,17.405329,17.600954,test
1429,15.7533,16.891115,train
1430,17.515898,18.714075,train
1431,21.191082,19.164463,train
1432,18.031811,17.857742,test
1433,19.00065,18.143129,train
1434,16.168129,16.612457,train
1435,19.064562,18.406609,train
1436,6.7610269,17.147993,test
1437,19.379698,19.383236,val
1438,17.419935,17.136513,val
1439,19.908787,21.010605,train
1440,18.578339,18.413839,train
1441,16.880783,17.211977,train
1442,16.801552,16.867586,train
1443,16.112925,17.947294,test
1444,18.097179,18.889252,train
1445,18.585155,19.609934,train
1446,17.461969,18.087427,train
1447,18.140215,18.366407,train
1448,18.798014,18.51335,train
1449,15.110528,16.481133,val
1450,18.128151,17.745775,test
1451,19.635262,18.226274,val
1452,16.437286,15.875463,test
1453,18.089287,18.09,train
1454,23.451721,22.605242,train
1455,17.944149,17.842804,train
1456,18.431812,18.154453,train
1457,18.754602,17.699186,train
1458,18.409657,17.673622,test
1459,18.697945,18.846756,train
1460,20.634239,20.907486,train
1461,18.488598,18.424278,train
1462,18.026102,17.93619,val
1463,17.314854,17.615311,train
1464,16.402636,15.970953,val
1465,20.053596,19.43339,train
1466,17.228861,17.116695,train
1467,19.987314,18.742523,test
1468,18.331383,18.584627,train
1469,19.473419,18.557348,train
1470,18.173197,19.178362,train
1471,19.728874,19.016466,train
1472,19.767391,20.433325,train
1473,18.320274,18.66954,train
1474,18.903879,18.005949,train
1475,18.96656,21.074411,val
1476,20.091146,20.037594,train
1477,18.009745,17.927385,train
1478,20.768297,21.037037,train
1479,17.095476,16.665735,train
1480,21.435884,21.689175,train
1481,20.082537,19.667675,train
1482,18.905088,18.541054,train
1483,13.969525,16.789427,val
1484,16.11108,16.483303,train
1485,16.922947,17.519627,train
1486,17.449392,18.036011,train
1487,18.1724,17.42268,train
1488,19.174919,19.117569,train
1489,18.009563,17.664326,train
1490,21.417547,19.397593,train
1491,14.655686,15.790514,train
1492,19.232708,19.260292,train
1493,18.720423,18.741959,train
1494,18.20981,18.37524,train
1495,18.283518,18.319742,test
1496,18.773216,18.816357,test
1497,16.537565,17.107582,val
1498,18.256712,19.083519,train
1499,19.48704,18.800564,train
1500,16.624182,16.798363,test
1501,20.279795,19.381937,val
1502,21.40847,22.710161,train
1503,18.478561,18.428848,test
1504,16.889965,16.866089,train
1505,21.861088,20.976015,test
1506,18.938911,18.118179,train
1507,15.255413,16.389765,train
1508,17.208961,17.151369,val
1509,18.754475,18.845594,train
1510,18.762627,18.884533,train
1511,19.955574,18.337519,train
1512,16.656759,16.875643,test
1513,17.507704,17.663441,train
1514,18.859646,18.194241,val
1515,19.654648,19.756866,train
1516,17.897436,17.179205,val
1517,18.297161,19.940035,train
1518,17.930407,18.133095,val
1519,18.986439,18.389414,val
1520,17.612545,17.14665,train
1521,19.220879,19.678747,train
1522,20.000559,20.20665,train
1523,17.355589,17.733515,val
1524,20.16474,18.278988,train
1525,18.902578,17.085964,val
1526,15.400082,15.286528,train
1527,17.371155,17.139214,train
1528,18.003895,17.532597,test
1529,17.024946,17.613899,test
1530,16.150249,16.739161,train
1531,18.742203,19.277632,train
1532,18.781866,19.430405,val
1533,18.072718,18.199146,train
1534,18.700882,19.840136,test
1535,14.669481,15.399145,val
1536,18.032799,18.415464,test
1537,16.865707,18.560591,test
1538,7.0592079,20.330694,train
1539,20.610922,21.929157,train
1540,19.724415,19.960865,train
1541,19.533127,19.43074,train
1542,17.477642,16.396755,test
1543,17.576775,18.081589,train
1544,18.356339,17.994339,train
1545,20.109865,19.873657,train
1546,18.781235,18.070995,train
1547,18.21418,17.792953,train
1548,16.722261,18.057789,val
1549,18.172577,17.617266,train
1550,17.127068,17.511251,train
1551,16.742125,17.229666,test
1552,18.11474,18.788729,train
1553,19.962027,20.590752,train
1554,20.637903,19.936008,test
1555,18.314459,18.036362,train
1556,15.460241,16.110619,train
1557,18.381269,18.632174,train
1558,19.167337,18.724512,train
1559,21.08153,20.246758,train
1560,16.97456,16.895262,train
1561,19.006279,18.189533,train
1562,18.081434,18.423744,train
1563,16.582056,16.656544,train
1564,19.40386,18.739483,train
1565,19.453051,18.746201,val
1566,17.447027,17.675732,val
1567,21.349152,21.607645,train
1568,17.447023,18.510717,test
1569,22.716513,21.720854,train
1570,20.056686,20.043835,val
1571,18.619452,20.08853,test
1572,19.939716,19.94733,train
1573,16.346897,17.28039,test
1574,18.357264,17.47554,val
1575,17.743959,17.354647,train
1576,18.274534,17.774908,train
1577,15.815661,16.033121,val
1578,18.839661,18.859509,train
1579,16.704863,17.237186,val
1580,19.349894,19.110889,train
1581,18.943327,18.653271,train
1582,18.307528,17.781843,test
1583,19.745794,19.324013,train
1584,14.688581,16.748734,train
1585,20.68189,20.585512,val
1586,15.569245,15.421097,train
1587,19.478769,19.073753,train
1588,18.750879,18.986504,val
1589,16.234167,16.421383,test
1590,16.068708,17.131533,train
1591,20.632013,18.649433,train
1592,16.028938,16.089293,train
1593,16.855251,18.214191,val
1594,17.019445,17.487383,test
1595,19.975527,20.137115,train
1596,18.144909,17.548769,train
1597,19.815941,20.489157,val
1598,21.054804,21.581406,train
1599,20.137217,19.91218,train
1600,20.370029,19.550411,train
1601,10.639152,17.445316,train
1602,17.925611,18.350439,test
1603,19.223642,19.185295,train
1604,16.597893,16.358095,train
1605,15.351381,16.69705,train
1606,18.406139,19.655132,train
1607,19.843277,18.301786,train
1608,19.115004,19.936789,train
1609,18.099005,18.116377,test
1610,20.364071,19.988028,train
1611,19.636019,19.165014,train
1612,20.947933,22.113182,train
1613,21.927771,21.50293,train
1614,20.915569,20.118164,test
1615,19.511269,20.016521,train
1616,18.973457,19.614677,train
1617,15.513234,16.646086,train
1618,22.081411,18.037561,train
1619,17.019932,17.799599,train
1620,17.351236,17.606937,train
1621,21.485229,21.636765,train
1622,20.159758,20.411247,train
1623,22.515718,21.042915,val
1624,17.474136,17.788029,test
1625,18.223049,19.21034,train
1626,19.670731,19.251753,val
1627,15.953058,16.083847,train
1628,16.842064,16.867907,train
1629,18.380543,18.719095,train
1630,20.802015,21.136925,train
1631,19.724884,20.633961,val
1632,18.384689,18.930786,train
1633,18.08798,16.979284,train
1634,16.201471,18.638269,test
1635,17.54277,18.205545,train
1636,18.162037,18.871317,val
1637,17.478956,18.603485,train
1638,16.670321,18.821106,train
1639,18.769062,19.357708,test
1640,14.782317,17.167368,train
1641,19.60141,18.929573,train
1642,18.937082,18.865015,test
1643,18.698067,18.893488,train
1644,17.2393,16.135593,val
1645,19.233366,19.445797,train
1646,17.306162,17.342909,train
1647,18.603758,18.46133,train
1648,20.333094,19.662172,train
1649,19.665918,18.951294,test
1650,21.19935,20.297733,test
1651,19.997639,19.497517,train
1652,17.303371,16.294209,train
1653,20.666847,20.871172,train
1654,17.744081,16.124693,test
1655,18.062923,18.335644,train
1656,17.818037,17.270874,train
1657,19.131308,19.405394,train
1658,17.81196,17.245901,train
1659,16.474337,16.947676,val
1660,19.453398,19.426548,train
1661,17.248755,17.379793,train
1662,18.779081,19.268175,train
1663,16.150818,16.955423,train
1664,17.06279,17.956793,test
1665,18.35663,18.565222,train
1666,17.431393,16.810577,train
1667,17.993887,18.176943,train
1668,17.766253,17.781794,train
1669,19.341265,19.806023,test
1670,18.287111,17.864685,train
1671,19.771212,18.20615,val
1672,17.972473,19.131214,train
1673,17.741037,17.812019,train
1674,18.376423,17.943237,test
1675,15.338953,15.755501,train
1676,18.706308,18.669331,train
1677,17.550003,19.570538,test
1678,16.822294,16.242487,val
1679,17.115396,17.708771,val
1680,19.689222,19.826176,test
1681,18.724766,18.921242,test
1682,17.689003,18.726028,train
1683,16.806515,17.536888,train
1684,19.521357,19.044397,train
1685,20.166857,19.788805,train
1686,20.136797,19.832668,test
1687,17.203234,17.859709,train
1688,18.995674,19.962208,train
1689,19.509785,19.813631,train
1690,22.015779,21.918814,train
1691,19.260103,18.81193,train
1692,16.778419,16.070274,train
1693,21.143301,20.974064,train
1694,19.358433,18.909737,test
1695,15.596157,16.222544,train
1696,20.532204,21.400518,train
1697,21.025528,20.40399,train
1698,21.348425,21.434484,train
1699,18.564631,18.164921,train
1700,17.54447,17.610321,train
1701,19.754965,19.913645,train
1702,16.877542,17.855387,train
1703,20.295553,19.346344,train
1704,18.77803,20.657898,val
1705,20.213644,19.348263,val
1706,17.168116,17.910055,test
1707,22.114649,21.30315,train
1708,19.284676,19.636803,val
1709,22.04595,21.458393,val
1710,20.16363,19.795557,train
1711,20.68693,20.410418,train
1712,19.676931,19.813023,train
1713,20.949076,20.110092,train
1714,18.306202,17.441792,train
1715,19.154564,18.934875,train
1716,20.348772,19.828962,train
1717,16.716652,16.906305,train
1718,18.887491,18.566004,test
1719,16.692345,17.251492,test
1720,16.959917,18.37435,train
1721,21.29377,20.545504,train
1722,21.656168,20.976082,test
1723,16.201826,17.306343,val
1724,18.947035,18.494146,train
1725,20.071968,19.530083,train
1726,18.102909,18.954636,train
1727,18.388237,18.12582,test
1728,17.022869,18.045208,test
1729,19.660818,18.695488,val
1730,19.26445,19.476477,train
1731,17.602032,18.313736,val
1732,17.327806,16.893528,train
1733,17.914965,16.202229,train
1734,14.890929,15.304926,val
1735,21.924782,21.017721,val
1736,18.111244,17.960119,val
1737,18.311562,17.915039,train
1738,19.248117,17.920414,train
1739,19.653959,18.889744,val
1740,22.016068,21.793415,train
1741,17.969036,17.808281,train
1742,16.318741,16.07663,train
1743,18.826687,17.986202,train
1744,21.914995,19.575741,test
1745,19.623798,18.868393,val
1746,18.808569,18.686821,test
1747,18.936405,18.959425,val
1748,21.857542,22.046703,val
1749,21.311533,19.974802,train
1750,18.958448,18.437485,train
1751,18.293152,17.583509,test
1752,17.489695,17.716892,val
1753,16.559114,16.637918,train
1754,17.185652,17.550966,val
1755,19.405506,17.920168,train
1756,21.063919,21.596273,val
1757,19.515078,18.924593,train
1758,16.660316,17.047371,test
1759,17.842394,18.094982,train
1760,17.715935,18.299715,train
1761,15.227572,15.92313,train
1762,18.462723,18.118927,train
1763,18.862068,17.675714,test
1764,19.644913,19.647573,test
1765,18.378693,18.851604,val
1766,18.27557,18.456888,val
1767,18.573967,18.203667,train
1768,18.527712,19.09473,train
1769,18.46166,18.14189,train
1770,19.909754,20.821026,val
1771,6.0878963,19.477665,train
1772,17.112593,16.828609,val
1773,17.65633,16.770752,train
1774,18.325144,18.522543,train
1775,16.077751,17.284826,train
1776,16.040865,16.142363,train
1777,19.40847,19.022293,train
1778,15.445685,15.573817,train
1779,19.0142,18.546904,val
1780,17.848499,17.076077,val
1781,18.882767,18.301779,train
1782,17.014143,17.044352,train
1783,19.482668,18.62262,train
1784,18.584148,18.22127,train
1785,20.159388,19.230097,train
1786,18.813625,18.605883,train
1787,19.42646,18.565323,train
1788,17.196766,17.604362,train
1789,18.429089,17.852467,val
1790,20.199894,19.704021,train
1791,14.942634,15.930969,train
1792,17.487146,17.885826,val
1793,19.270651,18.789972,train
1794,19.041401,19.342201,test
1795,16.79192,17.585445,train
1796,17.877689,16.643999,train
1797,17.708948,16.502077,val
1798,14.551642,15.787454,train
1799,17.713966,17.73789,train
1800,19.320431,17.871449,train
1801,21.807369,21.061579,train
1802,19.800129,20.383917,train
1803,19.916403,19.473185,train
1804,18.302176,18.393091,train
1805,17.651894,19.107689,test
1806,16.384104,17.417635,train
1807,19.154266,18.882034,train
1808,21.094326,20.139061,train
1809,17.475939,18.1714,test
1810,16.198195,17.338154,train
1811,18.246613,18.094507,train
1812,19.12294,19.246569,train
1813,19.991442,19.601948,test
1814,14.335105,16.36964,train
1815,21.327562,20.712133,train
1816,20.249352,19.517809,train
1817,17.761669,18.877827,train
1818,18.167381,19.658154,train
1819,17.747997,17.977213,train
1820,16.788637,18.371635,train
1821,17.96636,18.664577,train
1822,16.138372,17.238659,train
1823,17.133429,16.885078,test
1824,15.383441,16.749672,train
1825,16.875719,17.707386,test
1826,21.0902,20.326538,train
1827,20.418636,20.257568,test
1828,19.247147,19.234825,train
1829,19.795408,18.866879,train
1830,20.567631,19.880014,train
1831,19.750835,19.065872,test
1832,20.524378,19.103035,val
1833,17.853401,17.529837,val
1834,15.011323,18.211,train
1835,16.377352,16.812202,train
1836,19.792919,20.300518,val
1837,5.4101052,17.673943,train
1838,17.094967,17.078743,train
1839,20.138647,19.895584,train
1840,21.303215,21.003197,train
1841,19.440256,18.661156,val
1842,16.395403,18.18807,val
1843,17.383635,17.495892,test
1844,18.085871,17.918062,train
1845,17.409832,17.590565,train
1846,18.574291,19.136271,train
1847,16.962793,17.656673,val
1848,18.041222,18.531818,test
1849,17.275696,17.855669,train
1850,19.55798,20.477062,train
1851,20.020668,19.732647,train
1852,19.650953,18.553543,train
1853,19.262394,18.730236,val
1854,16.733904,16.577631,train
1855,17.413694,17.664204,train
1856,18.825485,17.749033,val
1857,18.536177,18.062784,train
1858,18.054323,16.858171,train
1859,18.418814,18.608335,train
1860,18.448696,18.540155,train
1861,16.317869,16.106894,train
1862,19.519117,19.372091,train
1863,18.859007,18.84432,train
1864,16.681143,17.372271,val
1865,6.7869792,18.64731,train
1866,19.651875,19.084179,train
1867,19.554003,18.617636,test
1868,20.728924,20.519371,test
1869,19.354527,19.225262,train
1870,9.6103954,19.018379,train
1871,17.191542,18.475941,train
1872,17.924868,18.622631,train
1873,19.319574,19.41889,val
1874,18.02726,17.565411,test
1875,18.79534,18.908918,train
1876,18.925381,18.779367,train
1877,17.206438,18.89905,train
1878,16.497454,17.78879,test
1879,16.949835,17.552601,train
1880,16.653337,18.229771,test
1881,17.344128,17.915123,train
1882,17.410872,17.675472,train
1883,17.068306,18.170317,val
1884,20.491594,19.954176,test
1885,17.075668,16.786978,train
1886,18.740938,18.849022,train
1887,17.41124,18.902798,val
1888,19.935253,19.669094,train
1889,17.618233,18.297493,test
1890,19.931913,19.25388,train
1891,18.7568,17.962757,val
1892,20.362707,20.719793,train
1893,16.588945,17.478493,train
1894,21.544802,21.304325,train
1895,16.216087,16.397421,val
1896,19.718288,19.793238,train
1897,18.342764,19.3937,train
1898,17.315569,18.270357,train
1899,16.780531,17.054247,val
1900,18.446821,19.159081,train
1901,18.094133,18.535629,train
1902,16.042583,16.72192,train
1903,18.135187,18.254251,test
1904,21.037233,19.536644,train
1905,20.348976,20.483387,train
1906,18.317623,18.428211,test
1907,19.543545,18.094498,train
1908,18.32535,19.092796,train
1909,17.641359,17.978062,train
1910,18.43705,19.831816,test
1911,20.049902,20.55344,train
1912,17.681696,17.255165,train
1913,22.143953,21.334433,train
1914,15.533239,16.141907,train
1915,16.493586,16.401951,train
1916,16.737753,16.630606,train
1917,21.655806,20.318245,train
1918,19.467209,18.823498,test
1919,19.155554,19.520821,train
1920,15.957532,16.567585,test
1921,17.977232,18.478712,test
1922,18.632212,17.645035,val
1923,23.293716,23.211536,train
1924,19.997013,19.253742,train
1925,19.321789,19.164045,train
1926,18.038763,18.012299,train
1927,18.503662,19.38916,train
1928,17.85504,17.864347,train
1929,7.0569887,17.982515,train
1930,19.913086,18.217585,test
1931,18.273846,18.574326,train
1932,19.600386,18.537695,train
1933,17.694399,19.186848,train
1934,19.305563,19.562334,train
1935,18.276518,17.925705,train
1936,16.455637,18.268059,train
1937,18.790636,19.797642,train
1938,17.216305,16.240088,val
1939,19.167761,18.577415,train
1940,18.129824,18.363865,train
1941,18.806108,18.250668,train
1942,15.96623,16.636753,train
1943,17.615044,17.031109,train
1944,18.333778,17.600679,train
1945,22.816446,22.224924,train
1946,21.076008,20.738829,train
1947,17.118525,17.497869,train
1948,18.962492,19.039574,test
1949,16.392994,16.83762,train
1950,18.527414,18.588297,train
1951,18.51996,18.523123,train
1952,18.450272,19.888992,train
1953,17.770403,17.850456,train
1954,20.707653,20.41473,train
1955,17.665421,18.337324,test
1956,15.92405,16.243338,train
1957,16.291536,17.121458,test
1958,17.469433,17.766396,train
1959,22.335949,21.6612,train
1960,22.060179,20.798321,val
1961,17.957325,17.857977,train
1962,18.074387,18.397371,train
1963,18.207603,18.097315,test
1964,17.697971,16.602016,test
1965,18.459873,18.186939,train
1966,20.569555,20.572517,train
1967,17.924726,18.407946,train
1968,18.686504,18.748564,train
1969,14.800612,16.143291,train
1970,15.615218,16.011372,test
1971,18.075359,17.917135,train
1972,20.256607,18.656693,train
1973,19.462261,18.720669,train
1974,18.402304,17.379162,train
1975,16.37702,17.925663,train
1976,16.573698,16.943295,train
1977,16.79431,17.445913,val
1978,15.595215,17.839073,train
1979,18.280596,18.08411,train
1980,19.408998,18.715967,train
1981,18.692265,19.247271,train
1982,19.749762,19.846079,train
1983,19.012571,18.990801,train
1984,18.487207,19.131449,train
1985,16.426765,16.921091,val
1986,19.990486,20.910652,train
1987,17.270998,17.690521,val
1988,18.329536,18.593176,train
1989,16.137848,16.488815,train
1990,19.481256,18.349298,train
1991,21.12571,20.784046,test
1992,22.188387,21.678061,train
1993,17.37187,17.041735,train
1994,15.606569,16.897596,test
1995,21.691683,22.039856,train
1996,20.132099,20.061243,train
1997,15.681286,16.916346,train
1998,15.925587,16.255283,train
1999,20.187204,19.029766,train
2000,15.730924,17.000668,train
2001,21.034893,19.432287,train
2002,16.859133,16.729004,train
2003,16.664015,17.324499,val
2004,19.558046,18.606546,val
2005,18.409977,19.532215,train
2006,19.248646,17.385912,test
2007,18.437784,17.608093,train
2008,17.79476,18.374002,train
2009,17.767469,18.439831,val
2010,17.405684,17.175711,train
2011,17.074203,16.261799,val
2012,17.685461,17.277733,train
2013,17.576515,17.743782,val
2014,19.535604,19.563019,train
2015,18.528286,18.762653,train
2016,19.829809,20.170708,val
2017,17.848038,18.073259,train
2018,22.338306,20.545033,train
2019,18.112198,17.99881,train
2020,19.269045,17.637638,train
2021,18.645441,19.185047,train
2022,16.505861,16.935806,train
2023,18.074793,18.145857,train
2024,17.270805,18.192917,train
2025,17.634638,17.50041,val
2026,16.873583,18.591293,train
2027,13.39073,22.098061,train
2028,18.395336,17.636723,test
2029,6.4132919,16.678177,val
2030,14.965265,17.187843,test
2031,17.184544,17.519352,train
2032,17.186283,17.879961,train
2033,19.341312,19.58744,test
2034,17.90136,18.003927,train
2035,19.954197,19.445112,train
2036,15.053083,16.365982,train
2037,20.058804,20.181561,train
2038,21.152937,20.947863,val
2039,19.879652,20.343119,train
2040,23.486431,21.385262,val
2041,7.5969124,18.981287,train
2042,19.00128,18.215227,val
2043,20.070353,20.362385,train
2044,18.110861,17.496283,train
2045,16.335098,17.68144,train
2046,17.685902,17.591143,train
2047,18.270159,18.971411,train
2048,17.2726,17.521275,train
2049,4.8014655,18.40132,test
2050,17.774973,18.989016,train
2051,17.891022,18.004145,val
2052,18.043612,16.79653,val
2053,20.187193,19.424294,train
2054,16.927404,18.487671,train
2055,21.38829,20.788435,train
2056,21.611034,20.845795,train
2057,19.042,20.069212,val
2058,16.089769,15.791006,train
2059,17.519871,17.217375,train
2060,19.191547,18.468189,train
2061,18.323296,16.520653,train
2062,0.39883801,16.665216,train
2063,18.952465,19.415003,test
2064,19.044302,18.982124,val
2065,18.373116,19.135454,train
2066,17.92783,17.584028,train
2067,19.306787,19.73378,train
2068,16.817348,18.828005,train
2069,13.318414,15.33238,test
2070,17.357368,17.184391,train
2071,15.274898,16.030073,train
2072,21.233557,19.726521,train
2073,19.717882,20.781118,train
2074,18.856924,19.137449,train
2075,17.588898,17.971378,train
2076,17.289085,17.230391,train
2077,16.980347,17.203173,test
2078,19.736847,19.064407,train
2079,6.9740539,18.13703,train
2080,17.758699,17.069843,val
2081,18.100243,17.586576,train
2082,18.694437,18.76417,test
2083,17.283438,16.912497,val
2084,17.55481,17.642668,train
2085,19.498571,20.467964,test
2086,18.8209,17.689127,train
2087,16.798689,17.091307,train
2088,16.308868,17.56748,train
2089,18.296749,18.232637,train
2090,20.147102,19.18329,train
2091,21.285664,20.411934,train
2092,18.871889,19.040571,train
2093,15.871793,17.431652,train
2094,19.853554,18.625202,train
2095,20.218155,20.418617,test
2096,16.078367,16.910591,train
2097,17.091827,16.614483,train
2098,19.345318,20.179365,train
2099,17.264915,17.975533,train
2100,19.578762,18.815029,train
2101,18.379606,17.63022,train
2102,17.902611,17.235565,train
2103,16.402916,17.889252,train
2104,19.514809,19.70503,train
2105,16.326809,17.128712,train
2106,17.903093,16.644342,train
2107,21.89382,21.164362,train
2108,17.626368,17.621469,train
2109,18.021297,17.716108,train
2110,6.6178818,17.207041,train
2111,18.697891,18.911446,test
2112,16.045628,16.891647,train
2113,10.374694,19.093361,train
2114,17.969139,18.166109,train
2115,16.259888,17.552959,test
2116,21.801178,21.118038,train
2117,16.262817,16.379278,val
2118,18.903986,19.993345,train
2119,19.964748,18.755999,test
2120,17.906147,18.043489,train
2121,21.550175,21.287687,train
2122,7.2201619,18.093845,test
2123,20.00877,18.816261,train
2124,10.903199,15.651185,train
2125,1.3255056,17.791973,train
2126,19.113495,18.442425,train
2127,20.099566,19.081717,train
2128,17.543762,16.819468,train
2129,12.078618,19.967199,train
2130,20.564707,21.182426,train
2131,14.555498,18.231619,test
2132,16.580637,18.164642,val
2133,20.377184,19.675348,train
2134,10.034756,20.661047,val
2135,18.660425,18.418137,train
2136,17.199139,18.612921,train
2137,17.655222,17.825806,train
2138,20.305113,19.685057,train
2139,19.980406,20.293411,train
2140,19.694572,18.459784,train
2141,19.857475,20.109838,val
2142,20.810383,20.649931,val
2143,16.45586,17.003811,train
2144,5.2186522,16.087662,train
2145,17.000095,16.928114,val
2146,20.550299,19.327726,test
2147,18.174011,17.379742,train
2148,21.086472,19.015747,train
2149,17.643595,18.870335,train
2150,19.27076,18.373158,train
2151,19.061188,18.651926,train
2152,20.961916,19.409575,val
2153,18.832115,18.805672,train
2154,19.009212,18.395094,train
2155,18.310423,18.79891,train
2156,17.145599,17.26244,train
2157,15.584769,15.637005,val
2158,17.410894,18.418428,val
2159,18.167677,17.434551,train
2160,18.77807,18.78672,train
2161,18.002687,17.00816,train
2162,17.285431,17.042692,test
2163,15.506728,18.374077,train
2164,16.673347,17.227262,val
2165,17.359758,17.122461,test
2166,18.012627,18.384058,val
2167,17.220638,17.065912,val
2168,15.89973,17.23312,test
2169,14.302498,17.640306,train
2170,16.398994,18.107754,train
2171,16.741798,17.444031,train
2172,9.6118851,17.039022,train
2173,18.20051,17.651066,test
2174,18.592001,17.781082,train
2175,18.176857,18.433027,val
2176,19.225348,18.545689,val
2177,15.960806,16.537079,train
2178,21.122063,20.412138,train
2179,17.131544,18.075562,train
2180,17.580055,19.210058,train
2181,18.378366,18.776636,train
2182,20.060797,19.821056,train
2183,21.267008,21.577188,train
2184,18.425175,19.597366,test
2185,20.984964,21.326731,train
2186,18.216335,18.187086,test
2187,15.542046,16.636883,val
2188,18.733957,18.683838,train
2189,15.841138,17.436399,test
2190,18.567129,16.739519,val
2191,20.473066,19.784719,train
2192,15.48614,15.997967,train
2193,19.000477,19.561398,train
2194,17.976643,18.023663,val
2195,15.559669,16.686956,train
2196,19.063387,17.653328,train
2197,19.819454,20.296663,train
2198,17.471882,17.284641,test
2199,24.001802,22.498703,train
2200,18.185675,17.124586,train
2201,18.509296,18.302496,train
2202,19.729259,19.348057,train
2203,18.276161,17.122139,val
2204,17.478413,17.395893,val
2205,20.121099,19.652355,train
2206,20.948694,20.799103,train
2207,20.388325,19.204107,train
2208,15.978626,17.048115,train
2209,19.244921,19.166605,val
2210,16.59766,17.669333,val
2211,20.737734,19.423615,train
2212,7.7861996,16.588169,train
2213,19.343769,18.253746,train
2214,17.22513,17.720358,test
2215,19.049212,18.026199,train
2216,16.567963,19.307362,train
2217,17.011143,17.179277,val
2218,18.275198,18.995914,train
2219,20.810286,20.094944,train
2220,16.401566,16.498016,train
2221,19.64852,18.818913,test
2222,8.2753744,18.718863,train
2223,18.401299,17.54133,val
2224,18.61828,17.570869,train
2225,18.047132,17.569029,train
2226,17.486755,17.389078,train
2227,17.634008,17.737362,train
2228,20.636866,20.160498,train
2229,17.412231,17.520657,train
2230,21.084764,20.385632,test
2231,22.297153,20.220667,val
2232,11.695653,19.540445,val
2233,18.436333,18.261524,train
2234,18.755901,19.567297,test
2235,15.547289,16.055546,train
2236,18.660002,19.173199,train
2237,18.705511,19.213356,train
2238,16.392632,16.725403,train
2239,18.663023,18.866047,train
2240,18.291935,17.362188,train
2241,17.605581,17.691408,train
2242,20.630453,20.128719,val
2243,23.443388,21.940382,val
2244,19.578293,17.774218,train
2245,19.76145,19.321327,train
2246,17.686007,17.829632,train
2247,20.528076,19.804482,train
2248,20.671638,20.48234,train
2249,21.255686,21.036953,train
2250,18.463882,17.991934,train
2251,10.715362,20.742846,test
2252,17.331228,17.907545,train
2253,18.461222,17.864481,train
2254,22.210915,18.798628,test
2255,18.028185,18.772839,train
2256,20.204878,19.117228,train
2257,20.8423,19.766983,train
2258,17.483681,17.547043,val
2259,21.334278,21.569715,val
2260,20.236675,20.29718,test
2261,18.665497,19.009306,train
2262,21.182108,19.144749,train
2263,17.139294,17.90542,train
2264,16.801336,17.768852,train
2265,18.591904,18.026625,test
2266,16.231289,17.745419,train
2267,20.30732,18.516205,train
2268,19.451979,19.101622,train
2269,23.27429,22.18441,train
2270,18.236177,17.343386,val
2271,17.16383,17.011677,test
2272,21.652927,21.375948,train
2273,19.11713,20.229788,train
2274,20.606741,20.143059,train
2275,18.229393,17.421375,train
2276,19.538769,18.443058,train
2277,15.907531,16.755842,train
2278,20.665497,19.731075,val
2279,18.353783,17.628895,train
2280,19.04377,17.548639,train
2281,19.465393,17.612297,train
2282,18.408806,18.863367,train
2283,17.668068,18.566399,train
2284,15.367707,16.233223,train
2285,19.770023,18.548071,test
2286,20.285538,20.048666,train
2287,14.125753,16.888729,test
2288,16.19603,16.787022,val
2289,18.825497,18.233179,train
2290,19.228592,17.264881,train
2291,19.850321,19.353455,train
2292,15.451037,16.765841,train
2293,19.445297,19.267611,val
2294,7.6079621,18.033436,val
2295,19.870728,19.260139,train
2296,17.15148,16.850466,train
2297,19.220074,18.937147,train
2298,18.737457,18.731947,train
2299,11.882688,18.364956,train
2300,18.48542,17.818398,train
2301,16.762789,16.613338,val
2302,19.363306,18.657364,train
2303,20.211081,19.315374,train
2304,14.991114,15.716761,train
2305,20.944851,19.70472,train
2306,20.0818,19.953011,train
2307,18.859198,18.29418,val
2308,17.47595,17.353662,train
2309,19.656908,18.189594,train
2310,18.618746,17.53157,test
2311,17.538109,17.807858,train
2312,18.240622,18.445631,train
2313,22.833624,22.72628,test
2314,3.2139995,16.112286,train
2315,19.05036,18.653519,train
2316,21.064013,19.548918,train
2317,18.900618,19.144249,val
2318,17.971462,19.377502,test
2319,16.956224,17.112673,train
2320,19.211319,18.779968,train
2321,21.025545,19.169062,train
2322,16.020679,16.827459,train
2323,17.708866,16.587389,train
2324,20.901207,20.81357,train
2325,17.962111,17.408588,train
2326,18.287954,18.590832,val
2327,6.3536525,16.876064,train
2328,18.87466,16.903404,train
2329,7.4608316,18.957937,train
2330,16.153631,16.44162,train
2331,20.543573,20.218323,train
2332,17.059029,16.566317,train
2333,16.97809,17.139366,test
2334,18.89753,16.880209,train
2335,17.292234,17.305872,test
2336,17.568443,17.216131,test
2337,7.6346149,17.946842,train
2338,18.799229,18.025871,train
2339,18.426762,17.816599,train
2340,18.695299,17.946369,train
2341,19.044888,18.667097,train
2342,14.525702,17.003784,val
2343,19.532124,17.264242,train
2344,17.576262,17.194447,train
2345,19.327126,18.245682,train
2346,18.943748,17.538258,train
2347,15.561676,15.86219,train
2348,16.993172,16.945892,train
2349,19.552551,19.203743,train
2350,17.987049,17.38184,test
2351,8.9953394,19.507292,train
2352,16.08675,15.84922,train
2353,16.442423,17.608683,train
2354,19.360895,17.258688,train
2355,17.304638,17.77319,val
2356,18.675928,19.485504,train
2357,18.609669,18.795897,train
2358,18.450294,17.651024,train
2359,17.562899,17.225285,val
2360,5.9568896,19.400238,train
2361,16.207825,17.348976,train
2362,19.841534,18.745535,train
2363,18.638035,17.803761,train
2364,16.186209,17.640127,val
2365,15.800411,17.586679,test
2366,20.723022,17.29958,train
2367,18.121063,17.834885,train
2368,15.273511,16.848942,train
2369,19.250128,19.339083,val
2370,11.394093,18.299221,train
2371,19.182264,16.52376,train
2372,19.728104,18.480423,test
2373,16.251526,17.079182,train
2374,21.01012,19.391628,train
2375,18.050413,17.029413,test
2376,18.407574,17.839828,train
2377,21.323914,20.301783,train
2378,17.569689,18.609306,train
2379,17.370527,17.917055,train
2380,21.135759,19.770475,test
2381,16.970844,17.498047,val
2382,18.047161,18.27025,val
2383,18.807501,17.950207,train
2384,17.018383,16.685387,test
2385,18.063683,16.793871,test
2386,3.9121821,18.279276,train
2387,18.12603,18.165026,train
2388,18.992191,18.502285,train
2389,20.355658,20.550402,train
2390,19.906179,19.546192,train
2391,17.616997,16.864523,train
2392,19.085117,17.806969,test
2393,17.122316,16.082712,test
2394,16.532824,17.854225,val
2395,17.993959,17.590998,train
2396,17.797363,17.692619,val
2397,15.861446,17.910746,train
2398,19.26708,18.838705,train
2399,20.892,19.848001,val
2400,18.10116,18.787977,train
2401,19.061447,20.150269,test
2402,17.478329,18.483624,test
2403,20.090782,20.751457,test
2404,18.998363,18.398102,train
2405,14.271212,16.232414,train
2406,23.807505,22.329815,train
2407,10.268875,20.2731,test
2408,20.493628,19.28587,test
2409,18.805923,18.189619,train
2410,19.935579,18.783516,train
2411,18.741266,18.72179,train
2412,7.329751,17.920176,train
2413,8.5735588,17.423056,train
2414,19.302362,19.76161,val
2415,17.69451,17.207344,val
2416,20.078152,20.824017,train
2417,18.295801,17.447607,train
2418,18.338865,17.436333,train
2419,18.352015,18.320667,train
2420,18.194036,16.794619,train
2421,19.890373,18.667753,train
2422,20.410908,19.111851,train
2423,15.558019,16.654346,train
2424,18.369497,19.25584,val
2425,18.073132,18.163774,val
2426,16.494438,17.313677,test
2427,6.3044882,17.610752,train
2428,16.938833,16.378263,train
2429,14.926884,16.234615,train
2430,17.113327,16.369921,train
2431,17.283623,17.385065,train
2432,17.850363,17.29809,test
2433,8.5057573,18.681763,val
2434,17.688301,16.944553,train
2435,20.018595,19.158403,train
2436,7.766696,16.183207,train
2437,21.327656,20.614017,train
2438,21.736595,20.618441,train
2439,17.436287,17.984684,test
2440,18.226013,19.512419,val
2441,22.375978,22.616373,test
2442,20.136921,19.908756,val
2443,19.079185,17.806408,test
2444,15.128538,15.798847,train
2445,21.850523,20.085579,train
2446,13.561698,17.491644,val
2447,17.430765,17.032646,val
2448,6.4750295,16.474562,train
2449,18.948475,18.693808,val
2450,18.835241,18.323938,train
2451,17.184855,17.588634,train
2452,16.472843,18.462608,train
2453,16.295547,16.73506,val
2454,17.601702,17.133926,val
2455,19.364521,19.02549,train
2456,19.173336,18.824995,val
2457,20.461727,19.830338,train
2458,20.379623,20.029991,train
2459,18.634897,18.257809,val
2460,16.83732,16.623354,train
2461,17.301865,18.712206,train
2462,17.783106,17.871946,train
2463,0.95459569,17.281675,val
2464,18.262835,19.202066,test
2465,15.11862,17.236588,train
2466,0.4455542,19.998106,test
2467,19.396111,19.314152,train
2468,18.470705,19.034481,train
2469,18.729561,18.002863,train
2470,11.831409,18.091387,train
2471,19.655075,19.335701,train
2472,16.356073,17.166443,train
2473,19.127722,17.970514,train
2474,17.609169,18.284851,train
2475,17.485825,18.049105,val
2476,18.146538,19.019459,test
2477,16.576086,17.859236,test
2478,16.539736,18.516394,train
2479,19.225405,18.188856,train
2480,15.907495,16.015198,val
2481,18.958023,19.000414,train
2482,20.073757,20.475857,train
2483,18.822575,18.066591,train
2484,17.737442,17.861008,train
2485,21.297523,20.802589,val
2486,18.487644,16.754677,train
2487,17.565491,18.695133,train
2488,16.683138,17.505201,train
2489,17.530689,17.13879,train
2490,11.949062,17.638288,train
2491,5.9263959,19.346771,test
2492,18.83065,19.336313,train
2493,18.067341,17.979511,train
2494,20.442795,19.322554,val
2495,16.08847,15.864355,train
2496,20.756979,19.985981,train
2497,18.588322,18.433079,val
2498,18.571602,19.166634,train
2499,16.198832,16.967476,train
2500,18.565611,18.099812,test
2501,20.104675,20.06727,train
2502,17.390779,18.948322,train
2503,16.193274,16.327736,test
2504,18.376472,19.601791,val
2505,17.392538,17.136944,val
2506,22.458349,21.282074,train
2507,17.855598,18.215994,test
2508,19.412189,17.298328,train
2509,20.129042,19.600863,train
2510,18.473629,17.346216,train
2511,18.708666,17.211439,train
2512,16.889467,17.267063,test
2513,17.376802,16.678219,train
2514,16.618465,17.303659,train
2515,18.452963,17.912252,train
2516,17.195921,17.231741,train
2517,16.101137,17.216654,train
2518,21.186466,19.35067,train
2519,20.842365,19.341539,train
2520,21.190826,21.20785,train
2521,16.609493,16.906431,test
2522,17.607412,17.615616,train
2523,17.084841,17.564339,train
2524,18.237549,17.676151,train
2525,17.315283,16.928106,train
2526,20.30942,19.26062,train
2527,18.86878,18.925426,train
2528,17.64463,18.77688,train
2529,17.209005,16.393391,train
2530,17.386976,17.228533,test
2531,4.1987095,17.305822,val
2532,17.48848,17.145523,train
2533,18.373613,17.79435,test
2534,16.826513,16.890392,train
2535,17.063219,17.414671,val
2536,17.35948,17.872091,train
2537,20.415485,18.594902,test
2538,18.051506,16.931623,val
2539,17.613243,17.121811,train
2540,17.644655,18.032534,val
2541,18.416754,17.992785,train
2542,16.618202,17.623293,test
2543,21.092003,19.796938,train
2544,16.608498,18.025497,test
2545,17.020887,16.55172,train
2546,11.130144,18.416103,test
2547,18.858839,17.933517,train
2548,19.929508,18.572657,train
2549,16.074961,19.640985,test
2550,19.30554,18.263088,train
2551,20.754309,20.562042,train
2552,18.528238,18.563629,train
2553,20.358326,18.769285,train
2554,6.4076004,16.428339,train
2555,17.576643,18.08136,train
2556,17.323792,17.213997,test
2557,19.375988,19.974529,train
2558,14.75168,18.471029,train
2559,18.955734,18.320789,val
2560,17.951109,17.765987,val
2561,19.444777,18.818932,train
2562,15.372902,16.381132,train
2563,17.698557,17.324984,train
2564,18.028374,17.110355,test
2565,21.870499,20.090322,train
2566,16.467272,16.980997,test
2567,16.150129,17.064037,val
2568,21.659906,21.036556,train
2569,16.633802,17.649754,test
2570,16.976101,17.988359,train
2571,20.313427,19.781235,val
2572,18.246058,18.381046,train
2573,18.687447,18.650522,train
2574,22.363199,20.118769,train
2575,15.739656,16.060112,test
2576,16.957994,15.933531,train
2577,18.794867,18.259289,train
2578,20.01346,20.349901,train
2579,19.795612,17.750584,val
2580,21.236269,21.614784,train
2581,16.146296,16.951122,train
2582,18.343176,17.914505,train
2583,15.775427,16.981155,val
2584,18.897827,17.699759,train
2585,22.327934,21.132135,train
2586,15.5791,20.421988,train
2587,19.143255,18.726479,train
2588,15.606531,17.245728,train
2589,17.987375,17.333174,val
2590,19.908461,19.317631,train
2591,20.5152,18.708721,train
2592,18.772108,18.611792,train
2593,10.853556,18.02556,train
2594,6.8341899,17.410238,train
2595,20.799665,18.916494,val
2596,17.868586,18.025333,train
2597,17.249746,16.86796,train
2598,16.747976,16.120676,train
2599,16.515909,17.487402,test
2600,19.499453,19.069221,val
2601,19.05649,18.058781,train
2602,19.730181,20.192175,test
2603,19.110477,18.455812,train
2604,22.944592,21.112185,test
2605,17.095181,17.616646,train
2606,16.580877,17.717888,train
2607,18.097273,17.671144,train
2608,17.145571,17.462719,test
2609,19.015919,18.157328,val
2610,19.85491,17.0958,test
2611,18.526836,17.516678,val
2612,7.9835448,17.665575,train
2613,17.797758,17.74209,train
2614,18.350153,18.683805,train
2615,19.442234,19.975639,train
2616,16.195745,17.261436,train
2617,18.830366,18.213518,train
2618,20.03886,19.614407,train
2619,17.553705,18.309845,train
2620,18.601843,18.382883,train
2621,15.947471,16.931038,train
2622,16.984737,16.73167,train
2623,18.390675,18.005764,test
2624,17.16865,18.429476,train
2625,20.239805,19.283228,train
2626,19.049652,17.644386,train
2627,8.9297037,17.202902,test
2628,18.393696,18.037104,val
2629,18.303057,18.341875,train
2630,17.620293,17.807634,train
2631,19.066793,18.132765,train
2632,21.141218,19.62328,train
2633,17.640301,17.896067,train
2634,16.204781,16.748405,train
2635,17.060587,17.978504,test
2636,16.678047,16.769394,train
2637,17.601236,17.984276,test
2638,19.947916,20.13027,train
2639,18.642614,19.080063,train
2640,15.962042,15.811357,train
2641,19.82415,20.69698,test
2642,17.174541,18.634325,train
2643,17.861338,17.761965,val
2644,17.112011,17.119047,train
2645,18.239704,17.975019,test
2646,16.001965,16.714584,test
2647,18.866396,19.415663,train
2648,19.578888,18.797112,val
2649,19.162651,17.647352,test
2650,18.169416,18.402235,train
2651,20.033886,20.171124,train
2652,18.244772,18.27655,train
2653,6.0060105,17.658297,test
2654,19.105043,18.422657,train
2655,9.9159307,17.449554,val
2656,18.35689,17.459362,val
2657,16.504869,16.167459,test
2658,17.850508,18.167816,train
2659,20.048346,20.284571,train
2660,19.860813,20.526718,train
2661,18.463741,18.500292,test
2662,21.283241,19.926136,train
2663,19.428335,18.182055,train
2664,19.335691,18.237579,train
2665,19.168928,19.375048,train
2666,18.035124,16.485678,train
2667,12.547662,16.062063,train
2668,18.01111,18.102186,train
2669,19.483557,18.770163,train
2670,19.980295,20.050148,train
2671,20.119066,19.755106,train
2672,21.589558,22.022505,val
2673,16.578861,17.097277,train
2674,16.96413,17.426577,train
2675,19.22049,18.532133,train
2676,7.9698,16.406384,train
2677,16.850889,16.543087,train
2678,9.9986792,17.07502,train
2679,18.08593,17.837015,train
2680,20.568312,20.980892,train
2681,18.859074,17.321056,train
2682,21.742329,18.489189,train
2683,19.070307,19.594145,train
2684,7.6284018,18.621424,train
2685,14.354017,17.138821,val
2686,15.451357,16.501757,train
2687,15.171538,16.469421,val
2688,17.381346,18.347441,train
2689,18.205832,18.623886,train
2690,17.625143,17.257563,train
2691,18.149551,17.606737,train
2692,15.935229,16.745167,test
2693,5.9584827,18.175547,train
2694,20.363176,19.323309,train
2695,20.16305,19.444183,test
2696,19.428215,18.549456,train
2697,19.630138,19.462614,test
2698,6.687376,17.564064,train
2699,17.932646,18.05257,train
2700,16.760361,16.455086,train
2701,18.112646,17.966961,train
2702,18.197752,17.652357,train
2703,18.493559,18.190907,train
2704,17.542587,17.070284,train
2705,17.920649,18.195198,val
2706,21.490488,20.992764,val
2707,16.99688,17.186506,val
2708,18.276983,18.122852,train
2709,17.467646,17.15836,val
2710,19.742704,18.664642,test
2711,16.742886,16.754759,train
2712,17.941507,17.884911,train
2713,6.6339498,17.610685,train
2714,19.341091,17.798859,test
2715,20.709656,19.730404,val
2716,17.555931,17.90554,val
2717,19.093435,18.569342,train
2718,18.405148,17.383688,train
2719,21.608538,20.600592,train
2720,20.103823,18.16099,test
2721,17.632227,17.947966,train
2722,21.863932,20.8538,train
2723,17.960917,18.131544,train
2724,17.135889,17.073656,train
2725,18.771275,18.216022,val
2726,18.914228,20.103992,train
2727,18.560156,18.76758,train
2728,17.132572,16.931505,train
2729,20.756956,20.431444,test
2730,16.206869,16.90848,train
2731,23.755497,22.492332,train
2732,17.694031,16.178268,train
2733,18.04961,20.13298,train
2734,20.096075,18.617664,train
2735,17.608114,17.580198,train
2736,19.0973,18.589867,train
2737,17.719854,16.998684,val
2738,16.122055,16.37117,train
2739,19.655666,18.680208,train
2740,18.751373,19.987335,train
2741,17.643976,17.065701,train
2742,19.042458,18.741436,val
2743,19.725349,19.780935,train
2744,17.073652,16.506714,train
2745,17.471214,18.21048,train
2746,8.7929754,18.598583,train
2747,20.073744,20.591991,val
2748,19.444656,19.835688,train
2749,18.869137,18.11599,train
2750,20.159166,20.995319,train
2751,22.002317,22.485542,train
2752,20.343971,18.558624,val
2753,20.016005,21.577553,train
2754,17.425585,16.829262,train
2755,11.954831,19.227127,test
2756,16.349808,16.369732,train
2757,21.483591,19.512709,val
2758,17.288149,17.189919,train
2759,16.389072,18.449272,train
2760,16.45772,16.825062,test
2761,19.692797,19.948782,train
2762,17.462374,17.955881,train
2763,20.833481,20.211193,train
2764,22.475815,22.140921,train
2765,19.003813,17.909037,train
2766,16.65517,16.965214,train
2767,6.8928361,17.180885,train
2768,2.3592203,17.762434,train
2769,17.392176,16.014908,train
2770,18.960711,18.541691,train
2771,17.895201,18.150669,train
2772,18.540125,18.311316,train
2773,19.366571,19.849642,val
2774,18.473364,18.161819,train
2775,18.110806,18.232512,train
2776,15.827972,15.875871,test
2777,18.987679,19.227976,train
2778,18.610008,18.763439,test
2779,17.483217,17.722332,train
2780,15.690463,15.947109,train
2781,18.904175,19.938581,train
2782,17.552328,18.15867,train
2783,18.046686,17.830484,test
2784,19.167269,18.871424,train
2785,14.740072,16.615301,train
2786,22.67215,20.02951,train
2787,19.244831,19.178404,test
2788,19.852407,22.012911,val
2789,19.463882,19.619135,train
2790,18.692905,17.346876,train
2791,17.312223,18.669773,train
2792,18.063704,17.631207,train
2793,16.486029,16.431183,train
2794,17.952818,17.436199,train
2795,18.241123,18.376709,val
2796,6.0805683,17.596336,val
2797,14.038768,17.119204,test
2798,17.606878,18.096577,train
2799,16.941526,16.212067,test
2800,20.395861,20.056057,train
2801,16.337492,15.807512,val
2802,19.33666,19.089598,train
2803,18.683195,18.479326,test
2804,21.259155,21.640993,val
2805,16.942308,16.194149,train
2806,18.007711,19.079073,train
2807,18.804249,18.768919,train
2808,17.505342,18.123856,train
2809,17.853642,17.822939,test
2810,17.968473,18.603197,val
2811,18.274628,20.368208,train
2812,19.170696,18.400681,train
2813,17.768929,17.178822,train
2814,17.707752,16.972582,train
2815,21.056602,18.841507,train
2816,18.993824,18.663717,train
2817,18.906004,18.673424,train
2818,19.468357,20.479469,train
2819,17.954498,16.54557,train
2820,19.087675,16.966175,train
2821,18.175259,18.572273,test
2822,19.718801,19.292915,train
2823,7.9316158,18.716743,train
2824,19.462841,18.402077,train
2825,17.362051,17.245607,train
2826,19.116528,19.021837,train
2827,5.6696787,18.081964,test
2828,16.40696,16.412851,test
2829,20.397587,17.622953,train
2830,16.183071,17.850998,train
2831,18.860926,17.163689,train
2832,15.75171,16.07485,train
2833,18.328239,19.604137,test
2834,17.101072,17.454611,train
2835,14.637324,16.338316,train
2836,19.22225,19.113804,train
2837,5.1926999,18.264662,train
2838,19.174395,18.253098,train
2839,21.367403,21.810608,val
2840,19.382593,17.866692,train
2841,22.376038,21.351501,train
2842,18.133293,18.955677,train
2843,18.634611,18.064711,train
2844,20.085953,18.874779,train
2845,16.598864,17.382973,train
2846,19.171158,18.553829,train
2847,17.447481,16.104216,train
2848,19.168324,18.580437,train
2849,21.093412,20.811626,train
2850,17.747879,17.11997,train
2851,10.261575,18.455887,train
2852,21.137585,20.243864,test
2853,16.359894,17.336046,train
2854,18.206697,17.836805,test
2855,19.161697,17.831924,train
2856,7.8475823,17.689079,train
2857,17.414591,16.306707,train
2858,19.922722,19.6134,val
2859,22.06267,20.495224,train
2860,18.639259,18.064205,val
2861,17.667728,18.138617,train
2862,16.972193,17.140108,train
2863,14.929243,16.691587,val
2864,18.193129,16.706484,train
2865,16.322227,17.09725,train
2866,21.468834,19.731388,train
2867,20.092085,18.300009,train
2868,16.669796,17.781149,test
2869,17.439566,16.740189,train
2870,18.396379,18.906782,train
2871,17.273642,18.165798,train
2872,17.931347,17.177896,val
2873,7.3916159,19.092152,test
2874,18.026022,18.483177,val
2875,5.5020761,16.650244,train
2876,17.455507,16.82028,test
2877,17.664927,18.10317,val
2878,16.547194,18.648981,test
2879,18.574478,20.07745,train
2880,17.846306,17.929132,train
2881,16.952919,17.951691,test
2882,22.305061,19.516998,val
2883,19.84527,19.083303,train
2884,19.391214,19.704168,train
2885,19.651751,18.576267,train
2886,17.927744,17.529005,train
2887,19.157125,18.985062,train
2888,20.260754,19.902121,train
2889,20.495314,19.117836,val
2890,19.846668,19.771616,train
2891,18.845987,18.331676,test
2892,16.969793,17.496675,train
2893,17.929295,18.057226,train
2894,18.118048,17.404007,train
2895,19.840504,20.443136,train
2896,18.409658,17.314865,train
2897,16.595526,17.440792,train
2898,21.39366,20.772594,train
2899,17.123409,17.354013,test
2900,17.624096,18.724049,train
2901,16.683823,16.95751,train
2902,9.6296501,18.264153,test
2903,20.985508,18.194466,train
2904,15.990913,16.867094,train
2905,19.931143,19.200394,train
2906,18.43873,18.875027,test
2907,18.495836,17.724865,train
2908,20.845268,19.22257,train
2909,12.369016,20.264608,train
2910,5.8432274,21.579996,train
2911,18.587372,19.20022,val
2912,18.351843,17.911541,train
2913,18.686518,18.03281,test
2914,17.621458,17.949995,train
2915,17.591761,17.567013,val
2916,17.290308,16.288765,test
2917,19.215076,18.570282,train
2918,15.320599,16.732399,train
2919,17.113691,17.431801,val
2920,12.219333,16.127682,test
2921,21.485767,20.669369,train
2922,19.822968,17.947718,val
2923,19.216375,18.221119,train
2924,20.878464,18.870691,train
2925,19.739277,19.090483,val
2926,19.195677,18.219086,train
2927,20.686871,19.59617,train
2928,18.317446,18.933966,train
2929,19.156713,18.455587,train
2930,22.020979,21.263231,train
2931,20.169073,18.503334,train
2932,20.016314,17.4615,test
2933,6.945559,17.397558,train
2934,21.689001,20.972816,train
2935,17.863432,17.757036,train
2936,18.519043,17.857761,train
2937,19.13891,19.420959,train
2938,21.230934,20.12425,val
2939,17.07777,17.826719,train
2940,16.607735,16.502218,train
2941,18.619503,18.788637,train
2942,16.542992,17.352156,train
2943,17.897676,18.035645,train
2944,16.847311,16.121349,val
2945,17.450462,17.322067,train
2946,20.51568,20.366739,train
2947,17.398083,17.829159,train
2948,19.372869,18.418621,train
2949,16.343531,16.947075,train
2950,17.350063,16.461254,test
2951,18.242674,17.875969,train
2952,20.663013,19.035179,val
2953,15.673121,15.862129,train
2954,21.103365,19.200399,test
2955,18.007631,18.095215,test
2956,18.452452,18.656219,val
2957,18.638615,18.413069,train
2958,15.933119,16.05752,train
2959,16.230507,16.468666,train
2960,19.391792,19.791101,train
2961,17.251925,17.666061,val
2962,16.834909,17.270775,train
2963,19.919479,18.672991,train
2964,20.896736,19.470207,train
2965,21.237963,20.27397,val
2966,17.968046,19.296333,train
2967,18.553478,18.447498,train
2968,15.401814,17.60467,train
2969,16.189453,16.287432,val
2970,16.317719,16.045963,train
2971,20.653761,20.29113,train
2972,21.749037,19.854063,val
2973,15.3017,15.543606,train
2974,17.113634,18.013634,train
2975,20.367758,20.117119,train
2976,18.596542,18.884748,train
2977,17.37557,17.88854,train
2978,20.285332,19.746773,train
2979,19.716597,20.871681,val
2980,16.733538,17.442053,train
2981,20.533625,17.888731,train
2982,16.345339,20.166479,test
2983,15.302019,16.034367,train
2984,22.271351,18.265045,train
2985,20.29287,20.166059,train
2986,21.199907,19.184298,train
2987,5.9905634,17.095869,train
2988,17.275488,18.241646,train
2989,19.770123,18.927933,val
2990,19.461609,19.589851,train
2991,18.279362,16.910736,train
2992,20.438824,20.607367,train
2993,18.217701,17.732803,test
2994,21.01038,20.347519,train
2995,19.337545,19.606964,test
2996,20.104555,19.728058,val
2997,20.481697,20.389559,train
2998,7.7954574,18.41324,train
2999,16.637035,16.703747,test
