channel_index,config_id,threshold_db,crossing_type,delta_min,delta_max
0,0,18.398144,single_cross,-3.1581296,6.9646934
1,0,20.494126,single_cross,-4.2546821,8.6429389
2,0,23.576886,single_cross,-2.9917714,7.1764266
3,0,20.110385,single_cross,-5.1274626,10.36812
4,0,28.247068,single_cross,-8.1499052,3.539097
5,0,19.655977,single_cross,-3.8429505,8.7983212
6,0,19.461784,single_cross,-5.7391487,9.7248966
7,0,26.248321,single_cross,-12.690474,9.9844423
8,0,19.392136,single_cross,-5.6622632,11.29237
9,0,18.755115,single_cross,-6.0789071,9.3234015
10,0,18.851528,single_cross,-2.4475249,5.7922232
11,0,18.850957,single_cross,-2.3048166,5.4985782
12,0,19.075905,single_cross,-2.7880746,6.0706852
13,0,24.295345,single_cross,-6.6370006,11.528225
14,0,20.441872,single_cross,-6.5448302,11.358506
15,0,17.423182,single_cross,-3.9185569,8.7705213
16,0,17.262406,single_cross,-2.9197435,7.0626056
17,0,18.496778,single_cross,-3.4852506,7.243644
18,0,18.116339,single_cross,-3.2150402,6.8591171
19,0,20.567415,single_cross,-3.3790512,7.1893641
20,0,20.319353,single_cross,-4.8987689,8.8733302
21,0,20.235673,single_cross,-4.2265943,8.3399568
22,0,20.936065,single_cross,-5.4159908,9.6406037
23,0,20.996846,single_cross,-3.2247451,6.4582524
24,0,18.495454,single_cross,-1.6989948,4.3911468
25,0,20.507434,single_cross,-5.2903739,10.922065
26,0,18.655808,single_cross,-3.1945871,6.9943965
27,0,18.103859,single_cross,-2.6327914,6.2228836
28,0,17.36802,single_cross,-3.1926093,8.8638912
29,0,18.223361,single_cross,-2.45127,5.6258948
30,0,19.842708,single_cross,-4.6477908,8.8836123
31,0,19.048365,single_cross,-3.0757553,7.0080706
32,0,18.870572,single_cross,-4.8482218,6.2314525
33,0,15.664302,single_cross,-1.7109676,3.9485863
34,0,18.800813,single_cross,-2.9783337,6.55728
35,0,19.852416,single_cross,-3.3787989,7.5491135
36,0,23.806978,single_cross,-6.0292437,8.2429061
37,0,20.151425,single_cross,-3.2819681,7.8646758
38,0,17.558242,single_cross,-3.3396349,7.9314295
39,0,19.134788,single_cross,-3.5109573,7.6053359
40,0,17.914472,single_cross,-3.2022735,7.9838355
41,0,19.166667,single_cross,-6.4083529,10.921778
42,0,19.383037,single_cross,-2.5392794,5.4883519
43,0,21.641842,single_cross,-4.2117649,7.6505329
44,0,20.656341,single_cross,-4.5409158,7.5651348
45,0,17.277488,single_cross,-2.5168396,6.3493292
46,0,17.155336,single_cross,-3.5671353,7.5084362
47,0,20.241669,single_cross,-3.0371184,6.6737174
48,0,17.206583,single_cross,-3.7986272,8.9847855
49,0,18.038784,single_cross,-3.5839025,8.502151
50,0,18.152314,single_cross,-3.6975548,8.521779
51,0,20.056615,single_cross,-3.1642936,7.5735526
52,0,23.246486,single_cross,-6.4348259,10.51296
53,0,20.307441,single_cross,-5.1569796,9.8277409
54,0,20.17588,single_cross,-5.5060932,9.5333983
55,0,25.406432,single_cross,-6.7499962,8.2758805
56,0,18.783684,single_cross,-2.9266377,8.248356
57,0,18.858814,single_cross,-1.8575493,5.8375753
58,0,20.082083,single_cross,-4.3757155,9.0975717
59,0,19.452274,single_cross,-3.0945789,7.7254341
60,0,19.422944,single_cross,-4.5940909,9.0431657
61,0,21.502927,single_cross,-6.4074271,10.541491
62,0,20.043656,single_cross,-3.4648241,9.109157
63,0,18.91888,single_cross,-2.8444433,7.568329
64,0,18.840714,single_cross,-3.9886657,7.8908392
65,0,18.269076,single_cross,-2.5081329,5.5304252
66,0,20.796921,single_cross,-4.9399766,9.1535981
67,0,17.273944,single_cross,-4.0035718,8.8388549
68,0,20.048921,single_cross,-2.0559565,4.9271256
69,0,18.702749,single_cross,-3.5592809,7.512024
70,0,19.949242,single_cross,-3.7978758,7.6599942
71,0,21.783524,single_cross,-8.0627702,11.206321
72,0,20.934665,single_cross,-2.342734,6.530056
73,0,21.530331,single_cross,-7.2405074,11.451825
74,0,17.79144,single_cross,-3.1151695,7.4348661
75,0,18.645919,single_cross,-3.0709581,7.2420231
76,0,18.566772,single_cross,-5.4379471,10.907192
77,0,16.886188,single_cross,-2.5309847,4.5270107
78,0,22.816001,single_cross,-4.4282895,7.6260196
79,0,18.956853,single_cross,-1.8838421,6.0505453
80,0,18.885001,single_cross,-2.765888,6.757683
81,0,16.118649,single_cross,-2.5545852,6.1595049
82,0,19.449198,single_cross,-1.8865953,4.8953639
83,0,18.612382,single_cross,-4.7536877,9.88704
84,0,20.381238,single_cross,-3.3999418,6.4039066
85,0,20.767907,single_cross,-3.0332127,7.5751806
86,0,22.353445,single_cross,-4.8011595,8.2545558
87,0,17.350022,single_cross,-1.9709186,5.353217
88,0,23.137655,single_cross,-6.7247327,9.1377336
89,0,18.047337,single_cross,-2.5864437,5.1937511
90,0,16.859571,single_cross,-3.4252209,6.7426552
91,0,19.419446,single_cross,-5.7450674,9.9764359
92,0,18.856286,single_cross,-3.5042361,8.0595989
93,0,19.116372,single_cross,-4.2561825,8.2881452
94,0,20.521471,single_cross,-4.5698066,8.8898353
95,0,20.083189,single_cross,-4.6775591,9.4433814
96,0,21.475751,single_cross,-6.5071377,9.4090608
97,0,17.773875,single_cross,-3.6310114,8.4681722
98,0,18.715175,single_cross,-4.6736194,9.9806917
99,0,17.585289,single_cross,-2.0489809,5.2658716
100,0,26.368342,single_cross,-8.7911167,7.8363676
101,0,17.413908,single_cross,-2.3575951,6.4045966
102,0,20.212835,single_cross,-3.7336738,9.1347389
103,0,18.072576,single_cross,-3.0299275,7.0030237
104,0,22.022382,single_cross,-4.6577215,8.4419477
105,0,18.690027,single_cross,-4.052601,10.3908
106,0,24.072777,single_cross,-5.9094493,9.5396677
107,0,20.460699,single_cross,-4.7245551,8.0789443
108,0,19.21269,single_cross,-3.3987595,7.2382393
109,0,21.617613,single_cross,-6.9398391,11.400915
110,0,18.183776,single_cross,-2.3980173,5.1185182
111,0,18.204753,single_cross,-2.7285597,6.5153634
112,0,19.143847,single_cross,-1.6630012,4.5685016
113,0,18.416539,single_cross,-3.1196442,7.2830104
114,0,17.254089,single_cross,-4.9692779,7.9913153
115,0,19.757522,single_cross,-3.8452165,8.1042964
116,0,21.287219,single_cross,-4.0990746,8.9834357
117,0,20.883808,single_cross,-5.4359507,9.0376299
118,0,17.33351,single_cross,-3.4878233,7.105866
119,0,21.226842,single_cross,-5.2640107,9.9778584
120,0,19.148031,single_cross,-2.1943048,5.0425904
121,0,17.960983,single_cross,-3.8670207,8.5153429
122,0,21.234465,single_cross,-5.1651784,9.7537546
123,0,20.910786,single_cross,-3.9015546,7.5641077
124,0,20.980225,single_cross,-5.9130994,10.177639
125,0,17.880931,single_cross,-4.5868899,8.8358004
126,0,24.366381,single_cross,-6.7568321,9.3038061
127,0,20.850722,single_cross,-8.4225831,9.9376762
128,0,20.254182,single_cross,-5.4468851,9.465875
129,0,21.471921,single_cross,-5.6225616,9.9580288
130,0,21.435411,single_cross,-5.8185448,10.633716
131,0,18.572986,single_cross,-4.3260957,8.4706726
132,0,21.21779,single_cross,-4.4237665,7.6396166
133,0,21.515427,single_cross,-3.1971321,7.1311688
134,0,19.554525,single_cross,-3.7715769,8.005359
135,0,17.793216,single_cross,-2.2279284,5.6759823
136,0,22.535001,single_cross,-7.1824707,10.183792
137,0,20.308125,single_cross,-4.6060843,9.4925386
138,0,19.37094,single_cross,-3.9093886,7.9326788
139,0,21.147761,single_cross,-4.5923131,8.2880658
140,0,18.042387,single_cross,-3.9135809,8.4117549
141,0,21.054768,single_cross,-5.6288201,8.0634878
142,0,20.034188,single_cross,-3.9843244,8.8741977
143,0,18.388616,single_cross,-3.4500533,6.7733181
144,0,17.409234,single_cross,-2.3784137,6.0844014
145,0,20.860223,single_cross,-4.1824278,8.1956837
146,0,19.673223,single_cross,-2.2965999,6.2459864
147,0,19.333612,single_cross,-3.7000577,7.9137132
148,0,19.424581,single_cross,-3.6417195,7.3489656
149,0,21.010442,single_cross,-3.8791606,6.5317534
150,0,21.647385,single_cross,-5.8413953,9.9627637
151,0,18.39471,single_cross,-3.4255239,5.8695991
152,0,18.254804,single_cross,-3.5027269,6.9671858
153,0,20.569225,single_cross,-4.9365872,9.1419078
154,0,17.831847,single_cross,-4.015969,8.6457154
155,0,20.249936,single_cross,-2.2164757,4.0975233
156,0,21.739672,single_cross,-4.1823318,8.2263946
157,0,23.966303,single_cross,-6.3902713,8.8124407
158,0,18.75395,single_cross,-4.1068282,8.6626026
159,0,20.118748,single_cross,-2.9292036,6.7887434
160,0,18.18096,single_cross,-2.8996877,7.3744442
161,0,20.625187,single_cross,-3.2512069,6.3632617
162,0,23.669332,single_cross,-5.478047,10.050658
163,0,23.038204,single_cross,-4.7616645,7.5051174
164,0,21.958853,single_cross,-2.8998909,6.2662828
165,0,18.816259,single_cross,-4.0909314,8.534938
166,0,21.769274,single_cross,-3.2480683,7.0469908
167,0,17.72724,single_cross,-3.0424886,7.4461003
168,0,18.912572,single_cross,-4.1365538,7.7110843
169,0,19.439423,single_cross,-3.8961384,7.6888481
170,0,18.599804,single_cross,-4.3879464,8.8100924
171,0,17.971388,single_cross,-3.8168958,7.8523228
172,0,18.266748,single_cross,-3.4127748,7.1812802
173,0,18.793605,single_cross,-4.9085526,7.8835568
174,0,21.184818,single_cross,-5.51151,10.549557
175,0,17.127939,single_cross,-3.191015,6.969879
176,0,21.469737,single_cross,-3.3274267,7.4269914
177,0,20.922192,single_cross,-3.5740659,7.7135628
178,0,19.404099,single_cross,-5.2845908,9.8567726
179,0,16.829231,single_cross,-3.102286,7.2640254
180,0,19.803555,single_cross,-2.1243804,5.4350546
181,0,21.212977,single_cross,-7.4174128,10.352419
182,0,20.486001,single_cross,-5.407377,11.111373
183,0,18.317037,single_cross,-4.1385733,9.7116128
184,0,16.616353,single_cross,-2.4743583,5.4449888
185,0,17.679368,single_cross,-2.5417628,6.0865543
186,0,19.278306,single_cross,-3.8042996,7.5428668
187,0,18.2122,single_cross,-4.0426698,8.2011347
188,0,23.219061,single_cross,-4.2293483,8.8154549
189,0,18.091749,single_cross,-3.0754439,7.6927751
190,0,16.616263,single_cross,-1.9129883,5.4542437
191,0,20.629823,single_cross,-3.8192423,7.9282614
192,0,21.242199,single_cross,-3.7311266,7.229382
193,0,21.239573,single_cross,-4.1666195,7.3265799
194,0,22.730131,single_cross,-9.9027025,10.991807
195,0,22.290632,single_cross,-6.5106967,8.6270497
196,0,20.02643,single_cross,-9.1426715,11.651589
197,0,19.042225,single_cross,-2.745966,6.3688707
198,0,19.314819,single_cross,-3.6195735,8.3883883
199,0,25.40545,single_cross,-5.861595,9.6717875
200,0,21.734543,single_cross,-3.6821747,7.3946662
201,0,18.887674,single_cross,-2.1502368,4.9903688
202,0,21.981662,single_cross,-4.8909337,9.1294823
203,0,18.416958,single_cross,-3.3924859,8.1083458
204,0,21.553484,single_cross,-4.9549977,8.6058061
205,0,17.760371,single_cross,-3.5770936,7.1107847
206,0,16.548983,single_cross,-2.8750127,6.4784932
207,0,18.017081,single_cross,-2.9428729,6.0872872
208,0,16.555545,single_cross,-2.319635,5.0761797
209,0,18.448288,single_cross,-3.3231737,7.6985992
210,0,18.093455,single_cross,-2.2647162,5.4773735
211,0,20.291789,single_cross,-3.3220529,6.3080884
212,0,19.121405,single_cross,-2.9559047,6.6737934
213,0,19.107888,single_cross,-7.9149973,13.551596
214,0,18.679168,single_cross,-2.1181089,5.9710204
215,0,24.848253,single_cross,-7.632153,8.5275821
216,0,20.341669,single_cross,-3.8270101,7.8159524
217,0,18.168051,single_cross,-4.5677376,9.4387686
218,0,17.477453,single_cross,-4.2285519,8.0890691
219,0,22.991054,single_cross,-5.6974788,8.7995899
220,0,21.71654,single_cross,-2.175682,5.9138838
221,0,23.419878,single_cross,-7.5128786,9.9192029
222,0,20.951275,single_cross,-5.4258255,9.9343269
223,0,18.215487,single_cross,-3.1307661,7.7412685
224,0,20.584596,single_cross,-4.8953569,8.5793348
225,0,20.312902,single_cross,-5.4923217,8.8968389
226,0,20.874619,single_cross,-2.9950496,5.6298961
227,0,18.230888,single_cross,-3.7721086,7.5073814
228,0,20.393916,single_cross,-2.941825,7.4493586
229,0,17.811334,single_cross,-1.8417741,4.4719438
230,0,21.737555,single_cross,-6.2475044,10.463743
231,0,19.840082,single_cross,-4.157993,8.2223087
232,0,21.426506,single_cross,-8.399419,11.964975
233,0,17.791368,single_cross,-2.9394999,8.05939
234,0,18.888042,single_cross,-4.2930809,7.4657052
235,0,16.602842,single_cross,-3.2084865,7.5858602
236,0,20.855789,single_cross,-3.032774,7.2192572
237,0,21.127115,single_cross,-4.6541288,8.5906071
238,0,20.73797,single_cross,-5.914951,9.2905013
239,0,20.413807,single_cross,-3.2971672,6.8419585
240,0,18.261039,single_cross,-2.8599784,8.2350676
241,0,18.556433,single_cross,-3.3446436,7.3724003
242,0,19.23411,single_cross,-2.840154,6.4424543
243,0,17.640028,single_cross,-2.7151186,6.8429827
244,0,19.834774,single_cross,-3.7596855,7.51776
245,0,22.149413,single_cross,-6.8584117,10.603954
246,0,19.789248,single_cross,-5.5772313,9.2699895
247,0,20.343043,single_cross,-5.9879933,10.687609
248,0,19.103471,single_cross,-2.6822614,6.1276516
249,0,21.929825,single_cross,-4.7938057,8.3638454
250,0,19.491128,single_cross,-2.3375295,5.570174
251,0,22.660605,single_cross,-7.1397926,11.888858
252,0,19.889163,single_cross,-6.3318334,9.3925688
253,0,18.023682,single_cross,-3.1756451,6.9331823
254,0,18.357912,single_cross,-3.8746789,8.3815459
255,0,19.205329,single_cross,-6.0422574,9.0523464
256,0,20.403668,single_cross,-5.5937523,10.16337
257,0,22.020367,single_cross,-2.6912377,6.2108409
258,0,16.166782,single_cross,-3.1315966,7.0841348
259,0,17.232847,single_cross,-3.1433184,6.4051436
260,0,20.786045,single_cross,-3.0558818,6.2169629
261,0,19.335331,single_cross,-2.4678695,6.8769143
262,0,16.877569,single_cross,-2.3866892,5.288641
263,0,17.156517,single_cross,-2.5559572,5.3815652
264,0,17.618368,single_cross,-3.7867044,8.0080746
265,0,18.246538,single_cross,-2.555118,7.0983029
266,0,21.376215,single_cross,-4.164408,7.9508971
267,0,19.585805,single_cross,-3.4081526,7.3328213
268,0,20.520709,single_cross,-6.9788748,10.583
269,0,20.255465,single_cross,-4.2736168,8.1520891
270,0,19.242553,single_cross,-2.5786245,6.4847546
271,0,21.397881,single_cross,-6.6382611,9.2121287
272,0,21.369285,single_cross,-4.2644291,8.9906436
273,0,20.183977,single_cross,-6.0415741,10.90664
274,0,20.537289,single_cross,-6.6616383,10.359853
275,0,19.416297,single_cross,-9.3149225,10.552535
276,0,18.260553,single_cross,-4.2802216,8.4225842
277,0,23.625208,single_cross,-4.0780117,8.5801809
278,0,24.669882,single_cross,-6.2491881,9.7052081
279,0,17.652227,single_cross,-3.0670292,6.6754251
280,0,22.514799,single_cross,-6.1460212,9.6509125
281,0,18.779663,single_cross,-2.6890623,6.1134
282,0,17.749118,single_cross,-2.5452215,5.7649671
283,0,17.925947,single_cross,-4.9896938,8.9243753
284,0,23.061128,single_cross,-3.5855266,7.4021587
285,0,21.039212,single_cross,-11.660843,11.421635
286,0,21.177289,single_cross,-3.3001316,8.6593559
287,0,17.815977,single_cross,-3.0212132,7.4014392
288,0,18.747444,single_cross,-3.76224,8.2583702
289,0,18.93429,single_cross,-5.3412942,9.448022
290,0,17.486009,single_cross,-3.2511067,7.6547822
291,0,17.665498,single_cross,-3.4770018,8.7391583
292,0,19.697075,single_cross,-2.4358701,6.3576131
293,0,17.975858,single_cross,-2.975111,7.4207971
294,0,18.980971,single_cross,-3.6073278,7.4347722
295,0,20.967296,single_cross,-4.2002029,8.2979547
296,0,20.010234,single_cross,-3.8069689,8.5976128
297,0,19.855465,single_cross,-4.9106889,8.2570463
298,0,18.361436,single_cross,-3.2907391,7.2371147
299,0,19.360365,single_cross,-5.1056339,9.0784615
300,0,20.697461,single_cross,-5.3746726,8.3128329
301,0,19.138692,single_cross,-2.1869605,5.336254
302,0,18.870919,single_cross,-6.0053293,9.905984
303,0,17.557493,single_cross,-3.964428,8.5341485
304,0,17.189083,single_cross,-2.4186707,6.2060226
305,0,16.081348,single_cross,-1.783156,5.1406722
306,0,22.239709,single_cross,-8.7173674,10.449689
307,0,16.829603,single_cross,-3.4611505,8.260274
308,0,18.526627,single_cross,-2.2342721,6.2654605
309,0,19.38538,single_cross,-3.5965386,6.4186461
310,0,18.679308,single_cross,-2.507555,6.7222964
311,0,20.8458,single_cross,-2.6862206,6.2614238
312,0,20.625101,single_cross,-3.9772275,8.6973822
313,0,19.671388,single_cross,-4.1560128,7.6602743
314,0,18.680704,single_cross,-4.0496818,8.823779
315,0,21.162889,single_cross,-5.3253521,9.1157401
316,0,19.289047,single_cross,-3.102388,7.8453903
317,0,17.824796,single_cross,-5.3798638,10.495796
318,0,18.863361,single_cross,-3.4648277,6.9457527
319,0,20.642409,single_cross,-5.1586873,7.8457179
320,0,17.20868,single_cross,-2.8926223,8.1131333
321,0,19.821117,single_cross,-2.6527522,7.3005923
322,0,18.860279,single_cross,-3.3313359,7.4098623
323,0,18.286878,single_cross,-3.1684337,7.6749245
324,0,18.459632,single_cross,-3.8889489,8.3033928
325,0,18.97507,single_cross,-3.1979529,6.2285252
326,0,20.605437,single_cross,-4.9371639,8.0807123
327,0,19.106117,single_cross,-4.6095213,9.0205033
328,0,24.502511,single_cross,-7.9083052,10.083788
329,0,21.816153,single_cross,-3.8935561,6.6683346
330,0,18.495825,single_cross,-3.6992911,9.3322656
331,0,18.984133,single_cross,-5.9631312,9.3763071
332,0,16.389047,single_cross,-2.5701786,5.6143586
333,0,21.451238,single_cross,-6.3235665,9.6304849
334,0,19.125672,single_cross,-4.3770281,8.1911628
335,0,17.114762,single_cross,-5.209751,10.707869
336,0,19.941442,single_cross,-3.1442582,8.8438278
337,0,17.109374,single_cross,-2.8347101,6.8253369
338,0,20.028121,single_cross,-5.3593262,9.7283011
339,0,23.962785,single_cross,-12.139967,10.879998
340,0,20.679142,single_cross,-4.5606438,7.9894965
341,0,19.08409,single_cross,-2.1994971,6.1131691
342,0,18.037883,single_cross,-4.3123365,7.9612505
343,0,19.11273,single_cross,-2.6810836,6.2482718
344,0,17.469659,single_cross,-3.9452065,8.4299902
345,0,18.000721,single_cross,-2.694958,7.0672168
346,0,20.508769,single_cross,-3.3748778,7.6119271
347,0,19.343461,single_cross,-6.3609456,11.026853
348,0,20.606767,single_cross,-3.321986,8.5733075
349,0,24.264972,single_cross,-4.9705558,9.9156003
350,0,19.436464,single_cross,-3.6418514,8.3854356
351,0,19.390153,single_cross,-5.1801846,9.3500105
352,0,21.571653,single_cross,-6.1582206,9.4678675
353,0,17.448277,single_cross,-4.4753033,9.0655527
354,0,21.110804,single_cross,-7.2710029,11.519078
355,0,19.029688,single_cross,-3.7929472,8.2233199
356,0,18.454296,single_cross,-2.6010735,6.201576
357,0,17.293995,single_cross,-1.6369826,4.4313189
358,0,17.417316,single_cross,-2.6757307,7.5862887
359,0,18.833954,single_cross,-5.4905763,9.4156961
360,0,19.722366,single_cross,-3.185734,8.1775383
361,0,22.256789,single_cross,-5.4782685,9.3866397
362,0,23.21718,single_cross,-5.3291679,9.2529579
363,0,25.707096,single_cross,-5.5735661,8.0098508
364,0,21.934217,single_cross,-6.1555201,11.703111
365,0,22.607545,single_cross,-4.5345851,9.569773
366,0,23.390171,single_cross,-7.1210388,9.4823071
367,0,19.121427,single_cross,-5.694336,9.4213539
368,0,18.927471,single_cross,-6.0529238,9.8491588
369,0,17.744807,single_cross,-2.656842,6.6687142
370,0,20.127102,single_cross,-4.5944175,8.8353749
371,0,21.221824,single_cross,-5.0728257,7.602328
372,0,17.59856,single_cross,-5.0637841,9.2056207
373,0,20.918691,single_cross,-3.5987311,7.7987755
374,0,22.325125,single_cross,-8.2415796,10.503621
375,0,22.282121,single_cross,-5.6121024,8.6993787
376,0,17.250284,single_cross,-4.3589415,9.3875894
377,0,20.23474,single_cross,-3.5997825,7.5736759
378,0,19.015249,single_cross,-2.8495618,6.3726006
379,0,19.263796,single_cross,-3.8852094,7.682044
380,0,17.230446,single_cross,-3.2521754,8.2827383
381,0,20.511251,single_cross,-4.8351722,9.0168776
382,0,18.885693,single_cross,-2.1727398,4.5509705
383,0,24.138542,single_cross,-14.344702,10.541407
384,0,19.605414,single_cross,-3.3191047,8.6126481
385,0,23.376082,single_cross,-8.2162254,11.547925
386,0,18.816857,single_cross,-3.4618493,7.0503406
387,0,24.275558,single_cross,-7.6814262,11.44827
388,0,16.828016,single_cross,-3.1522441,6.4276456
389,0,17.648453,single_cross,-2.8529199,6.5674192
390,0,18.572466,single_cross,-3.1994602,6.9308285
391,0,24.516985,single_cross,-5.9092403,8.3075298
392,0,21.531239,single_cross,-7.619276,10.630567
393,0,19.855593,single_cross,-2.8981923,6.8969915
394,0,18.5035,single_cross,-2.4265947,4.7722822
395,0,18.097544,single_cross,-2.4555975,6.6335423
396,0,22.684557,single_cross,-4.9564899,8.8173333
397,0,18.624346,single_cross,-4.4472141,8.5269771
398,0,20.867702,single_cross,-3.8733027,7.4474383
399,0,21.09512,single_cross,-4.440267,8.4321079
400,0,22.677987,single_cross,-4.9835942,9.334884
401,0,20.348609,single_cross,-4.3460449,7.9587676
402,0,19.149575,single_cross,-2.9760396,6.9164716
403,0,17.696562,single_cross,-3.5108211,8.0750196
404,0,18.093781,single_cross,-5.0429323,9.3806141
405,0,18.285582,single_cross,-2.5643265,6.2656211
406,0,18.100175,single_cross,-3.9809642,8.7058808
407,0,17.999346,single_cross,-1.983896,4.7085788
408,0,16.703705,single_cross,-1.9388128,4.3269037
409,0,18.038634,single_cross,-2.9157094,4.9416695
410,0,19.267059,single_cross,-2.4763547,6.6925636
411,0,19.005954,single_cross,-4.5660191,10.138152
412,0,21.449557,single_cross,-3.6503756,7.9783099
413,0,19.383549,single_cross,-3.7708439,8.6624634
414,0,21.514685,single_cross,-3.658283,9.0213272
415,0,17.397859,single_cross,-2.3366248,5.5378722
416,0,19.053981,single_cross,-2.2923462,6.4195239
417,0,20.217509,single_cross,-4.0168959,7.8791515
418,0,19.82299,single_cross,-6.2388217,9.7194372
419,0,18.560451,single_cross,-3.8734899,8.3708625
420,0,19.024629,single_cross,-3.2797849,8.063848
421,0,17.203614,single_cross,-2.087762,5.4249899
422,0,25.81952,single_cross,-6.512557,10.226789
423,0,20.189569,single_cross,-2.6814545,6.3478597
424,0,17.464956,single_cross,-2.2455302,6.3798824
425,0,19.052353,single_cross,-2.2157368,5.3317777
426,0,20.377771,single_cross,-6.4601242,10.716654
427,0,23.365291,single_cross,-5.5116761,9.6383215
428,0,24.47581,single_cross,-6.7812159,9.7080664
429,0,18.346641,single_cross,-3.4106708,7.7437678
430,0,19.257063,single_cross,-3.7615948,8.1143601
431,0,17.689979,single_cross,-5.6808201,10.712432
432,0,20.811017,single_cross,-4.6776417,8.7756679
433,0,20.574267,single_cross,-4.0282908,8.0273416
434,0,18.542388,single_cross,-3.221593,6.6438475
435,0,16.490999,single_cross,-2.2004943,5.0388745
436,0,22.143945,single_cross,-3.8541442,8.5985215
437,0,20.725594,single_cross,-6.9023715,9.73496
438,0,17.697253,single_cross,-2.1054715,4.6493554
439,0,19.601516,single_cross,-3.8153549,7.6326533
440,0,18.984781,single_cross,-2.939429,7.5274978
441,0,23.69079,single_cross,-5.4853036,9.3709702
442,0,23.282159,single_cross,-4.7751299,8.998494
443,0,16.539039,single_cross,-3.5875552,8.848628
444,0,19.396143,single_cross,-6.8781335,10.124373
445,0,21.960756,single_cross,-4.9351445,8.1835886
446,0,17.001408,single_cross,-3.3650668,8.4119543
447,0,19.23672,single_cross,-3.992893,8.0461809
448,0,18.756974,single_cross,-3.9688808,6.2180086
449,0,17.010435,single_cross,-3.4848834,7.9428354
450,0,22.454485,single_cross,-4.219163,10.299235
451,0,18.606873,single_cross,-4.1357026,9.2759232
452,0,18.752464,single_cross,-5.0535461,8.5565117
453,0,21.833154,single_cross,-10.041801,10.069728
454,0,16.745365,single_cross,-2.4183567,5.3818514
455,0,19.34559,single_cross,-3.8573152,7.8974328
456,0,21.137111,single_cross,-2.1339044,5.0583382
457,0,17.935792,single_cross,-3.0348279,7.8983582
458,0,20.077566,single_cross,-2.7594622,6.2972145
459,0,21.277307,single_cross,-6.0754109,9.2618978
460,0,19.571169,single_cross,-3.6302503,9.3494223
461,0,20.863471,single_cross,-2.3922453,6.855227
462,0,21.28519,single_cross,-6.7410901,10.647484
463,0,27.02642,single_cross,-10.963316,9.3079597
464,0,18.924797,single_cross,-4.7140213,8.1800781
465,0,18.097083,single_cross,-3.6587055,8.5981317
466,0,19.960339,single_cross,-4.1253708,8.5249063
467,0,18.510081,single_cross,-5.536738,9.0960047
468,0,16.723007,single_cross,-2.9529886,7.3806719
469,0,20.002291,single_cross,-3.0203331,7.5093066
470,0,18.689067,single_cross,-2.9379531,7.9231408
471,0,23.502112,single_cross,-5.6227458,9.9116512
472,0,19.948955,single_cross,-5.6836632,8.75062
473,0,17.353059,single_cross,-5.1771041,9.0609461
474,0,21.757599,single_cross,-5.2315165,10.334536
475,0,20.629764,single_cross,-3.7510299,8.149695
476,0,19.205961,single_cross,-2.9980849,6.6565864
477,0,23.096338,single_cross,-6.4326701,9.6335717
478,0,18.694046,single_cross,-3.6100562,7.1022125
479,0,21.20621,single_cross,-5.9097083,9.6239301
480,0,18.986035,single_cross,-4.2237376,8.3003284
481,0,21.549863,single_cross,-10.644492,10.828834
482,0,17.183022,single_cross,-2.6670761,7.0379642
483,0,18.507458,single_cross,-3.3140279,7.6876901
484,0,18.86377,single_cross,-5.3382291,9.4212736
485,0,19.349754,single_cross,-5.7045968,10.06775
486,0,19.108356,single_cross,-3.8381774,8.2221042
487,0,17.971955,single_cross,-2.5756885,6.9507939
488,0,19.720702,single_cross,-6.66823,11.055801
489,0,18.475305,single_cross,-3.4312129,6.8964423
490,0,18.88215,single_cross,-3.7283381,9.0333633
491,0,24.281691,single_cross,-13.257426,11.372015
492,0,22.099506,single_cross,-4.961474,9.6091025
493,0,19.886759,single_cross,-3.5494886,7.7893542
494,0,20.060447,single_cross,-4.7414883,8.5091104
495,0,20.364216,single_cross,-3.8150856,8.4897863
496,0,17.590691,single_cross,-4.2215487,9.6718852
497,0,19.982539,single_cross,-4.4409424,8.1570881
498,0,17.956323,single_cross,-5.2238028,11.058832
499,0,22.637774,single_cross,-2.3346288,6.5285761
500,0,18.983277,single_cross,-3.4667476,7.6928553
501,0,17.08881,single_cross,-3.9801639,8.5715881
502,0,18.08869,single_cross,-3.7763799,7.9114917
503,0,18.056475,single_cross,-2.0982671,5.3289987
504,0,18.589866,single_cross,-4.0753486,7.9615365
505,0,18.964063,single_cross,-5.2406948,8.932529
506,0,18.562155,single_cross,-2.7451806,6.4670617
507,0,17.792632,single_cross,-4.1425912,8.6077655
508,0,17.68278,single_cross,-2.825172,6.9975169
509,0,20.38685,single_cross,-5.1955372,9.2919021
510,0,19.593423,single_cross,-3.6978055,7.2632472
511,0,17.219974,single_cross,-3.5353065,7.5995394
512,0,19.341466,single_cross,-3.7652755,7.3012585
513,0,19.068885,single_cross,-2.2281893,5.2419628
514,0,21.522491,single_cross,-2.5799775,6.5623947
515,0,17.724085,single_cross,-2.1248984,4.2791073
516,0,18.075776,single_cross,-5.8816716,10.044102
517,0,18.127545,single_cross,-2.8936092,6.2332635
518,0,18.908846,single_cross,-7.4263618,10.181327
519,0,18.748547,single_cross,-3.4346874,7.1967877
520,0,18.746636,single_cross,-3.8263721,7.2134515
521,0,21.543062,single_cross,-4.0120467,8.399608
522,0,17.950239,single_cross,-3.8717798,9.3504471
523,0,19.612131,single_cross,-2.9512428,7.4793928
524,0,21.199299,single_cross,-7.8096293,10.144994
525,0,18.842366,single_cross,-5.0693305,9.1722876
526,0,20.953333,single_cross,-5.5383928,10.187069
527,0,18.3249,single_cross,-6.6648119,12.649851
528,0,17.263913,single_cross,-3.0320243,7.179465
529,0,20.481915,single_cross,-4.1481101,8.6826402
530,0,22.579865,single_cross,-7.1737706,11.054551
531,0,24.598138,single_cross,-5.3594077,8.1927917
532,0,19.717527,single_cross,-4.5902149,7.8103578
533,0,17.370908,single_cross,-4.8972508,9.4594887
534,0,19.936372,single_cross,-5.8011604,9.0691986
535,0,22.498312,single_cross,-2.7592863,6.7846602
536,0,18.19833,single_cross,-3.4511456,6.899369
537,0,20.211556,single_cross,-3.8711835,6.6680269
538,0,16.188872,single_cross,-2.3336312,5.2692894
539,0,20.495403,single_cross,-3.6035672,7.6680622
540,0,18.929519,single_cross,-2.953375,6.5869663
541,0,25.9892,single_cross,-8.2343556,9.4910811
542,0,16.18755,single_cross,-2.5176729,6.7742115
543,0,21.49502,single_cross,-5.6272174,10.342528
544,0,18.470417,single_cross,-3.5154578,6.3604373
545,0,20.195456,single_cross,-5.4622563,8.441531
546,0,20.390469,single_cross,-2.3952939,6.0987032
547,0,18.335478,single_cross,-4.4183313,8.7050506
548,0,18.725289,single_cross,-2.6001769,4.4161583
549,0,18.804368,single_cross,-3.8473701,7.521311
550,0,18.484566,single_cross,-4.0188001,8.9750036
551,0,19.587743,single_cross,-6.1102509,10.243274
552,0,21.071546,single_cross,-5.0944094,9.1837147
553,0,21.054722,single_cross,-3.0878562,6.8043188
554,0,23.687077,single_cross,-4.7560074,9.7939913
555,0,17.539522,single_cross,-2.2748593,4.5844018
556,0,19.121692,single_cross,-4.5703743,9.1569362
557,0,18.467274,single_cross,-4.5437612,8.2086204
558,0,19.39667,single_cross,-4.9834186,9.8495047
559,0,16.393477,single_cross,-2.3613048,6.9525325
560,0,20.301932,single_cross,-6.5948346,10.314976
561,0,18.359814,single_cross,-3.1717975,7.2560646
562,0,20.619525,single_cross,-4.8142786,8.3201886
563,0,22.130356,single_cross,-5.2868572,10.017742
564,0,22.214218,single_cross,-5.918081,9.598368
565,0,16.830911,single_cross,-3.023119,6.8176156
566,0,17.714217,single_cross,-2.8286015,6.1879661
567,0,18.131923,single_cross,-3.2827718,7.1361555
568,0,18.920111,single_cross,-2.9432256,7.2870839
569,0,18.776703,single_cross,-2.5327633,5.8634303
570,0,18.614468,single_cross,-3.7183451,7.5789542
571,0,23.388784,single_cross,-6.5048194,10.72917
572,0,17.944905,single_cross,-1.8892086,4.1932485
573,0,16.707621,single_cross,-2.2650557,4.8515709
574,0,21.011899,single_cross,-4.525241,8.3920983
575,0,24.725019,single_cross,-4.4879468,8.9971258
576,0,22.003773,single_cross,-6.1779076,9.3192474
577,0,21.012629,single_cross,-6.3027035,10.19033
578,0,19.826465,single_cross,-5.153485,9.0972667
579,0,18.726201,single_cross,-6.4481047,10.174655
580,0,19.609079,single_cross,-4.8152401,8.6326422
581,0,23.904325,single_cross,-5.16659,10.096003
582,0,20.206729,single_cross,-2.2561399,6.1439477
583,0,22.087895,single_cross,-9.6613929,10.371192
584,0,17.785057,single_cross,-2.4416643,6.6920266
585,0,22.263807,single_cross,-4.7827331,8.1840898
586,0,23.69498,single_cross,-9.3973719,10.951175
587,0,20.053434,single_cross,-6.0067663,8.3249965
588,0,21.802699,single_cross,-3.5229233,7.6880714
589,0,17.637792,single_cross,-1.9886754,4.8786708
590,0,20.044013,single_cross,-6.5596102,12.187401
591,0,18.639966,single_cross,-3.8022873,6.8282516
592,0,17.53813,single_cross,-3.0665407,7.7776075
593,0,17.773537,single_cross,-2.7723073,8.2079379
594,0,21.307887,single_cross,-4.3523742,8.3948975
595,0,19.249969,single_cross,-5.095664,8.5924905
596,0,21.494637,single_cross,-4.6535359,8.9928852
597,0,17.212302,single_cross,-3.3575487,7.1673427
598,0,18.166477,single_cross,-2.073367,5.9178498
599,0,22.000231,single_cross,-6.1734179,10.41338
600,0,18.473731,single_cross,-3.6078384,7.2449697
601,0,23.001129,single_cross,-6.7506504,9.7991314
602,0,17.552639,single_cross,-2.9063585,6.545139
603,0,20.477382,single_cross,-3.7515424,8.609279
604,0,19.658146,single_cross,-3.9077585,7.9175868
605,0,19.22226,single_cross,-2.6919627,5.3457132
606,0,22.906792,single_cross,-4.7086008,9.1558787
607,0,18.379345,single_cross,-3.0912353,7.088828
608,0,18.976603,single_cross,-3.9873195,8.2722237
609,0,20.664285,single_cross,-4.5901003,9.4752823
610,0,20.588945,single_cross,-2.3588935,6.4338268
611,0,20.37484,single_cross,-3.7693163,7.4481346
612,0,18.37914,single_cross,-3.064493,7.2453421
613,0,18.837936,single_cross,-3.2931394,7.4425155
614,0,25.390465,single_cross,-10.946516,9.2395806
615,0,16.901844,single_cross,-4.0678172,8.1771708
616,0,23.016147,single_cross,-11.476966,12.179267
617,0,19.048015,single_cross,-5.6240179,10.323546
618,0,21.029848,single_cross,-4.7667061,8.7699128
619,0,19.277353,single_cross,-7.8129453,10.147332
620,0,19.547326,single_cross,-4.2081278,7.6310293
621,0,18.215241,single_cross,-3.2089049,8.3116769
622,0,17.544822,single_cross,-3.9428138,8.1409869
623,0,21.217152,single_cross,-8.5826192,9.3711877
624,0,20.061926,single_cross,-3.2983099,7.5391825
625,0,17.324529,single_cross,-2.9895978,6.5736676
626,0,17.459243,single_cross,-3.7746629,8.5503659
627,0,19.310358,single_cross,-6.8561687,9.104496
628,0,21.430673,single_cross,-4.3084026,9.1576628
629,0,20.493134,single_cross,-3.8787187,8.6217958
630,0,21.996431,single_cross,-7.3243592,11.479198
631,0,20.381238,single_cross,-2.681883,6.0720937
632,0,23.104046,single_cross,-8.7928502,9.6889182
633,0,18.548241,single_cross,-3.5886991,7.3486686
634,0,22.342239,single_cross,-5.580936,10.791973
635,0,16.830103,single_cross,-3.2499234,7.3667464
636,0,19.869286,single_cross,-4.45173,8.4865622
637,0,19.770614,single_cross,-5.1425257,10.835054
638,0,17.501354,single_cross,-3.1096305,6.7110275
639,0,19.464676,single_cross,-3.0989832,6.0276225
640,0,16.160088,single_cross,-2.5848597,7.6634174
641,0,19.54428,single_cross,-5.1149492,8.5620094
642,0,21.156959,single_cross,-4.2265885,8.1490564
643,0,21.377508,single_cross,-7.8126649,10.025104
644,0,17.214749,single_cross,-3.1592808,7.1693747
645,0,15.914957,single_cross,-1.6499016,4.0358873
646,0,19.677851,single_cross,-4.8119043,9.8643599
647,0,20.33863,single_cross,-2.4413666,5.407075
648,0,17.258433,single_cross,-2.5501147,5.8001413
649,0,16.533708,single_cross,-3.0371537,7.4982271
650,0,21.327897,single_cross,-3.9323386,8.3143388
651,0,17.617755,single_cross,-4.1285887,9.4981471
652,0,18.317192,single_cross,-3.3302641,7.9136463
653,0,22.657169,single_cross,-9.6205124,11.050073
654,0,18.026391,single_cross,-4.7577361,9.8054715
655,0,19.349085,single_cross,-6.337779,9.7576276
656,0,17.711422,single_cross,-4.3815538,8.6352626
657,0,19.666167,single_cross,-3.8358483,8.4049077
658,0,18.722334,single_cross,-4.8585612,9.3823585
659,0,22.101207,single_cross,-9.169039,11.719891
660,0,20.208807,single_cross,-3.1439833,7.7732907
661,0,23.782833,single_cross,-9.5439065,10.116897
662,0,21.167991,single_cross,-5.1319722,9.8590084
663,0,20.447578,single_cross,-5.427514,8.7605567
664,0,18.36222,single_cross,-5.9494989,9.826438
665,0,20.108263,single_cross,-3.3171669,7.1225835
666,0,20.338745,single_cross,-5.9376404,9.543928
667,0,20.908466,single_cross,-3.6103675,7.564711
668,0,18.411966,single_cross,-4.5134764,9.0183976
669,0,18.984347,single_cross,-2.8413549,6.4311447
670,0,20.532057,single_cross,-5.5042464,7.8811829
671,0,22.6352,single_cross,-5.1577209,9.9801463
672,0,21.606137,single_cross,-3.4176979,8.4014935
673,0,19.990567,single_cross,-4.0542301,8.5909523
674,0,19.416293,single_cross,-4.2152157,8.9243374
675,0,17.198064,single_cross,-3.4179259,7.8354959
676,0,17.383942,single_cross,-2.2470883,6.1373502
677,0,21.197692,single_cross,-4.0911047,8.8926111
678,0,18.83242,single_cross,-6.8669554,9.6617307
679,0,20.740696,single_cross,-5.0850713,8.7814202
680,0,23.077091,single_cross,-5.1674914,9.5133298
681,0,17.725381,single_cross,-2.3339027,5.3466483
682,0,19.394523,single_cross,-3.3932062,7.8901103
683,0,18.189578,single_cross,-2.3001619,5.1594931
684,0,22.610713,single_cross,-6.7379709,10.704936
685,0,18.117317,single_cross,-2.8063072,5.7231995
686,0,19.427541,single_cross,-5.135349,8.7411749
687,0,20.838566,single_cross,-3.4496369,7.4809525
688,0,17.619764,single_cross,-2.3818299,5.5897937
689,0,21.503177,single_cross,-6.9231977,8.8883761
690,0,21.332701,single_cross,-6.4061442,11.523531
691,0,20.092916,single_cross,-2.9368898,6.9862794
692,0,20.957683,single_cross,-2.2139317,4.3425503
693,0,20.280334,single_cross,-6.9896989,11.095892
694,0,21.781151,single_cross,-3.1236598,6.4994218
695,0,19.28429,single_cross,-3.6969652,7.8871091
696,0,20.366591,single_cross,-4.0752129,7.7293674
697,0,19.23434,single_cross,-6.0435223,8.7583459
698,0,21.970543,single_cross,-6.6950115,9.5040957
699,0,19.801143,single_cross,-4.5468422,9.820758
700,0,23.635252,single_cross,-5.524272,9.5427625
701,0,18.045872,single_cross,-4.0872852,8.8929691
702,0,18.286147,single_cross,-3.2635275,7.7344258
703,0,17.371082,single_cross,-2.3879547,6.0935325
704,0,22.413317,single_cross,-4.6057805,8.7194641
705,0,21.146694,single_cross,-5.8357273,9.8575218
706,0,18.261576,single_cross,-3.3816663,7.8349746
707,0,16.959218,single_cross,-2.8965709,6.4505012
708,0,19.725994,single_cross,-4.710078,10.078716
709,0,20.714336,single_cross,-4.5167673,8.5838912
710,0,17.495029,single_cross,-2.063675,4.7080615
711,0,22.467374,single_cross,-12.361088,11.460765
712,0,20.400802,single_cross,-6.8827171,10.779972
713,0,19.141709,single_cross,-8.1545398,9.6349526
714,0,21.561722,single_cross,-3.4327868,7.1730995
715,0,20.375377,single_cross,-2.5785296,7.1607224
716,0,19.43723,single_cross,-4.9809409,9.8223927
717,0,22.043666,single_cross,-6.0339882,9.1871527
718,0,21.401882,single_cross,-5.3620245,9.7055392
719,0,18.432829,single_cross,-4.170757,8.3495293
720,0,17.500328,single_cross,-3.6877142,9.0300069
721,0,21.094134,single_cross,-5.541476,8.4515976
722,0,22.176707,single_cross,-3.2944795,8.3621915
723,0,18.81193,single_cross,-3.1527307,7.0095083
724,0,21.453595,single_cross,-3.334105,8.4804435
725,0,20.507234,single_cross,-3.9288483,7.9022842
726,0,20.908815,single_cross,-4.3099871,8.2399345
727,0,20.766287,single_cross,-5.3005198,8.9924881
728,0,21.580774,single_cross,-4.7766379,8.2615957
729,0,22.669746,single_cross,-4.772811,9.0894434
730,0,23.224276,single_cross,-5.4509594,10.623605
731,0,20.153861,single_cross,-6.541518,10.938219
732,0,23.982361,single_cross,-6.8885872,11.721842
733,0,18.695586,single_cross,-4.3351068,8.5297509
734,0,22.016642,single_cross,-5.8411167,10.247442
735,0,17.356737,single_cross,-1.9638822,5.219758
736,0,19.31476,single_cross,-3.3433241,8.372633
737,0,20.189686,single_cross,-3.929287,8.4926517
738,0,19.941742,single_cross,-3.880622,8.2479684
739,0,18.715511,single_cross,-3.9345435,8.4969575
740,0,20.391538,single_cross,-3.3193763,7.1040921
741,0,22.491694,single_cross,-5.5917753,10.360799
742,0,20.470542,single_cross,-3.2166148,7.271135
743,0,19.64083,single_cross,-4.9582123,8.7210919
744,0,17.033698,single_cross,-2.640485,6.1665576
745,0,26.152859,single_cross,-14.254558,9.6894972
746,0,19.679536,single_cross,-5.2460876,9.682886
747,0,19.771771,single_cross,-4.713884,9.0893961
748,0,20.454791,single_cross,-3.348026,6.2277007
749,0,16.675778,single_cross,-3.1957165,9.3495839
750,0,17.386428,single_cross,-1.9149701,4.1883493
751,0,18.139467,single_cross,-3.5252972,7.8119481
752,0,18.163074,single_cross,-7.881954,9.8467782
753,0,20.706239,single_cross,-4.4710587,8.9475237
754,0,17.510467,single_cross,-4.0634899,8.3536276
755,0,24.463864,single_cross,-15.698154,12.912261
756,0,19.467247,single_cross,-2.6105785,5.6435903
757,0,18.387583,single_cross,-3.9901132,7.4931984
758,0,21.037936,single_cross,-4.3713431,8.8450364
759,0,16.818628,single_cross,-3.0191141,7.7477736
760,0,24.199863,single_cross,-14.167135,10.852137
761,0,21.356897,single_cross,-4.2720344,8.5722097
762,0,17.180957,single_cross,-3.018973,6.8252608
763,0,20.399442,single_cross,-3.1273001,6.8837604
764,0,21.677641,single_cross,-7.1604642,13.122785
765,0,17.894174,single_cross,-5.6836145,9.9176661
766,0,17.949995,single_cross,-2.1110432,5.3773193
767,0,20.948352,single_cross,-5.0601056,8.9476908
768,0,18.298785,single_cross,-2.7992375,6.7188625
769,0,19.878243,single_cross,-3.9556295,7.4420323
770,0,17.381943,single_cross,-2.0128267,5.3086461
771,0,20.703261,single_cross,-3.8100001,8.1653095
772,0,19.606856,single_cross,-3.4085767,7.557156
773,0,18.346564,single_cross,-3.7505398,7.9968261
774,0,17.232366,single_cross,-3.1011291,6.7584641
775,0,21.207712,single_cross,-4.8646008,9.2414406
776,0,19.001419,single_cross,-4.1568915,8.8200205
777,0,19.84469,single_cross,-2.9488294,5.9615231
778,0,18.296823,single_cross,-2.9764747,6.4201079
779,0,17.737032,single_cross,-5.1010204,7.7072579
780,0,18.913842,single_cross,-4.4378333,8.8764289
781,0,21.93387,single_cross,-6.0373448,10.507937
782,0,18.562962,single_cross,-3.3628667,7.1741052
783,0,21.013155,single_cross,-3.171886,7.209615
784,0,22.163777,single_cross,-4.8265468,7.8987233
785,0,22.79499,single_cross,-4.4070564,8.2325138
786,0,18.490348,single_cross,-3.2008101,6.1274661
787,0,18.002781,single_cross,-3.8854136,8.2194877
788,0,19.514248,single_cross,-4.4179145,7.6727334
789,0,22.015029,single_cross,-5.5749047,9.7282329
790,0,18.797029,single_cross,-3.5909804,8.7418708
791,0,21.889018,single_cross,-5.0621997,10.238022
792,0,17.829763,single_cross,-2.5707806,6.0544081
793,0,19.713994,single_cross,-2.6231227,5.2236206
794,0,22.010319,single_cross,-5.4018184,10.249201
795,0,18.693439,single_cross,-3.0188173,6.1837998
796,0,17.830523,single_cross,-2.6911472,5.3494665
797,0,21.595798,single_cross,-6.7559792,11.552846
798,0,19.330836,single_cross,-4.3742675,9.3445658
799,0,21.03587,single_cross,-5.788046,9.0669288
800,0,21.032068,single_cross,-5.8124362,10.033087
801,0,20.587878,single_cross,-4.845881,6.8649757
802,0,17.611307,single_cross,-2.9997473,7.1149764
803,0,18.445556,single_cross,-2.3004014,5.2577112
804,0,16.808274,single_cross,-2.939867,6.5510514
805,0,19.287774,single_cross,-5.4885655,8.6245711
806,0,19.823419,single_cross,-2.995162,7.2308904
807,0,18.01242,single_cross,-2.1806038,5.4054093
808,0,17.140898,single_cross,-3.4521992,7.2409221
809,0,19.483506,single_cross,-3.3173755,7.8698417
810,0,19.331341,single_cross,-3.4783807,6.9798687
811,0,24.815632,single_cross,-12.927985,10.821372
812,0,18.62707,single_cross,-3.5432405,7.9287063
813,0,19.992797,single_cross,-4.9018702,8.5398802
814,0,21.086092,single_cross,-6.9267292,11.736977
815,0,20.520997,single_cross,-5.004749,10.120532
816,0,20.099555,single_cross,-4.3269377,8.2766508
817,0,18.087032,single_cross,-2.7817347,7.5827253
818,0,21.407207,single_cross,-6.1839723,10.563553
819,0,18.192917,single_cross,-3.4874096,8.2490289
820,0,22.368348,single_cross,-4.5511438,8.8098466
821,0,18.037727,single_cross,-5.5731909,10.436719
822,0,23.19981,single_cross,-13.627188,10.676784
823,0,22.391898,single_cross,-6.0369121,10.476316
824,0,17.325807,single_cross,-2.4509859,6.1021466
825,0,19.003619,single_cross,-2.4903868,5.7174769
826,0,19.455556,single_cross,-3.2145933,6.8487273
827,0,19.233549,single_cross,-3.4242214,7.9845913
828,0,18.26882,single_cross,-2.6741597,7.3861232
829,0,18.170265,single_cross,-3.1397483,6.6145144
830,0,22.781152,single_cross,-8.1668398,10.344296
831,0,19.118857,single_cross,-4.0586146,8.0292821
832,0,20.457846,single_cross,-2.9905132,7.5708938
833,0,19.843951,single_cross,-3.778443,8.7577431
834,0,18.738885,single_cross,-3.5673013,7.8263448
835,0,21.882955,single_cross,-3.3739612,8.115032
836,0,21.26238,single_cross,-7.4096377,9.9464358
837,0,23.261651,single_cross,-9.853561,11.533993
838,0,22.969215,single_cross,-6.3312928,9.1674621
839,0,21.22537,single_cross,-7.9661951,9.7677553
840,0,18.593115,single_cross,-1.8708715,5.6089456
841,0,21.369883,single_cross,-3.966265,7.415078
842,0,16.230195,single_cross,-2.2138446,5.1895279
843,0,22.060605,single_cross,-6.3695305,10.517433
844,0,19.550529,single_cross,-2.5303027,6.8465142
845,0,17.409554,single_cross,-3.0772529,8.0592134
846,0,18.846175,single_cross,-4.2264799,10.519352
847,0,17.662231,single_cross,-2.6344722,5.8044485
848,0,18.831522,single_cross,-2.1338673,5.1583596
849,0,17.573102,single_cross,-3.6024634,6.8741607
850,0,20.275466,single_cross,-2.8235361,6.3912713
851,0,20.429349,single_cross,-3.6195902,8.3479985
852,0,18.598169,single_cross,-3.4399666,6.6148189
853,0,18.560674,single_cross,-1.9716997,5.3623897
854,0,19.814762,single_cross,-3.2591147,5.8528147
855,0,18.5047,single_cross,-3.0135347,6.7167526
856,0,17.694448,single_cross,-1.7989085,3.7499783
857,0,17.382456,single_cross,-4.049396,9.2996238
858,0,19.745448,single_cross,-2.8447974,6.9568089
859,0,21.45557,single_cross,-2.7739936,7.4301447
860,0,20.217313,single_cross,-3.6789967,7.6641982
861,0,18.223778,single_cross,-3.0059773,7.2515918
862,0,17.286303,single_cross,-3.2364246,7.0436848
863,0,20.329363,single_cross,-2.0874193,6.1133591
864,0,17.803193,single_cross,-3.7248755,8.1701836
865,0,22.205929,single_cross,-5.1887744,10.321173
866,0,26.5682,single_cross,-9.3122503,9.879572
867,0,19.206004,single_cross,-4.0933894,9.9222654
868,0,19.37065,single_cross,-4.4379412,9.6321048
869,0,19.455553,single_cross,-3.6904377,8.1321184
870,0,19.625539,single_cross,-3.7574093,6.9297891
871,0,22.491043,single_cross,-5.2490891,10.150807
872,0,18.207816,single_cross,-3.4466571,8.0565137
873,0,20.840515,single_cross,-2.944339,6.2685795
874,0,17.859707,single_cross,-2.5897674,5.7871924
875,0,18.745658,single_cross,-2.8962127,6.7576167
876,0,22.569604,single_cross,-8.5984379,9.927198
877,0,19.833982,single_cross,-4.4270254,9.6531244
878,0,18.085695,single_cross,-5.5477661,10.588176
879,0,18.196227,single_cross,-3.1404215,7.6763548
880,0,20.125133,single_cross,-2.4697652,6.1669104
881,0,17.591865,single_cross,-3.0704073,7.4842929
882,0,18.102411,single_cross,-2.7107937,5.7646242
883,0,20.429229,single_cross,-5.7338856,8.5915577
884,0,19.71793,single_cross,-2.7790974,7.318398
885,0,19.180363,single_cross,-3.7050377,8.0040635
886,0,21.646682,single_cross,-3.2929783,7.5558869
887,0,18.822967,single_cross,-2.9384643,7.568388
888,0,18.228397,single_cross,-3.9334819,7.9340287
889,0,17.803224,single_cross,-2.4512835,5.8294122
890,0,18.332717,single_cross,-2.5500157,6.585636
891,0,20.121645,single_cross,-4.1096233,7.0801417
892,0,19.553201,single_cross,-4.4539744,8.5379174
893,0,22.855735,single_cross,-11.133254,10.961684
894,0,18.883754,single_cross,-5.9043303,10.953856
895,0,17.706228,single_cross,-2.5423024,7.51812
896,0,20.443835,single_cross,-4.6399529,9.1181022
897,0,19.522957,single_cross,-3.6638387,8.1455744
898,0,21.830089,single_cross,-5.9650862,10.84332
899,0,22.287429,single_cross,-6.5646132,9.8488964
900,0,18.881948,single_cross,-4.3642055,9.8223871
901,0,19.632568,single_cross,-3.783999,8.2324618
902,0,20.899457,single_cross,-2.6976713,7.2194057
903,0,17.035749,single_cross,-3.0630483,6.9291767
904,0,19.285476,single_cross,-4.2296718,8.3040997
905,0,16.942999,single_cross,-2.5793726,6.0414439
906,0,22.878403,single_cross,-5.7670565,8.541308
907,0,19.075577,single_cross,-2.8719042,7.4273705
908,0,17.97435,single_cross,-2.662064,6.6605215
909,0,17.842092,single_cross,-3.159918,6.9815323
910,0,17.699259,single_cross,-3.1935605,7.2134986
911,0,16.770537,single_cross,-2.5046544,6.1253461
912,0,17.210098,single_cross,-3.8545434,7.4214345
913,0,20.72698,single_cross,-9.3778833,11.63782
914,0,18.179379,single_cross,-3.8410332,8.5351578
915,0,19.509644,single_cross,-3.9478106,8.0398823
916,0,21.025596,single_cross,-5.7509859,9.1113261
917,0,21.038509,single_cross,-5.2719512,9.1450884
918,0,17.765496,single_cross,-2.2092396,5.4798422
919,0,23.22835,single_cross,-3.6166506,8.0304731
920,0,20.178517,single_cross,-5.2008337,10.444341
921,0,22.353255,single_cross,-6.5296789,9.2752603
922,0,20.234983,single_cross,-5.2928533,9.7734907
923,0,17.464681,single_cross,-2.9270747,8.1296927
924,0,19.852104,single_cross,-8.3778139,10.825605
925,0,18.716326,single_cross,-2.8439863,6.8148491
926,0,21.195454,single_cross,-5.0508008,8.8332957
927,0,19.456599,single_cross,-3.0133304,5.6450413
928,0,20.006384,single_cross,-4.6184762,8.3818389
929,0,17.871115,single_cross,-2.4522422,8.0532444
930,0,19.218143,single_cross,-2.3994019,6.1976637
931,0,20.021515,single_cross,-5.034345,8.6620903
932,0,18.08701,single_cross,-3.5105567,7.5729499
933,0,25.506732,single_cross,-7.2674733,8.4936574
934,0,19.438916,single_cross,-3.507323,7.9977306
935,0,20.880862,single_cross,-4.6296197,9.6348658
936,0,17.345703,single_cross,-1.8787575,5.2698855
937,0,19.583363,single_cross,-3.39112,7.7283709
938,0,18.380451,single_cross,-2.4286113,5.926685
939,0,18.047495,single_cross,-3.6854206,7.2650159
940,0,17.719705,single_cross,-2.3919489,4.9391477
941,0,24.598011,single_cross,-7.1939556,11.68794
942,0,19.742275,single_cross,-3.4533906,7.9136948
943,0,22.339798,single_cross,-5.0242848,10.027183
944,0,18.908498,single_cross,-3.1362105,8.8744722
945,0,16.998973,single_cross,-3.5091526,7.711956
946,0,20.55021,single_cross,-5.3921723,9.6053596
947,0,18.285381,single_cross,-3.9434643,10.296772
948,0,17.331943,single_cross,-3.4172429,8.4357693
949,0,19.902176,single_cross,-4.1986742,9.1962475
950,0,23.430766,single_cross,-7.6114111,10.979747
951,0,21.393267,single_cross,-6.6265991,9.3367592
952,0,19.496074,single_cross,-2.7434801,6.5266151
953,0,17.053731,single_cross,-1.9257592,4.9981455
954,0,19.828844,single_cross,-4.1931401,7.3909788
955,0,18.754149,single_cross,-2.9832004,7.4523982
956,0,19.13378,single_cross,-3.3995998,7.6602312
957,0,24.044773,single_cross,-6.6857462,10.782616
958,0,23.290892,single_cross,-6.3253903,11.406987
959,0,20.694869,single_cross,-4.133067,9.3390025
960,0,18.124872,single_cross,-3.7796668,7.9236438
961,0,23.55025,single_cross,-7.6374031,10.119221
962,0,22.48389,single_cross,-2.2900438,5.6167261
963,0,21.317443,single_cross,-3.9876214,7.9435817
964,0,19.556099,single_cross,-5.0896265,10.101138
965,0,18.059744,single_cross,-2.8818019,7.0120513
966,0,22.021877,single_cross,-3.1711981,7.9718798
967,0,22.624205,single_cross,-11.068025,11.560979
968,0,22.646915,single_cross,-3.1327368,7.1785423
969,0,20.939177,single_cross,-3.1990997,7.1140394
970,0,18.105067,single_cross,-3.0289493,6.6482261
971,0,21.12015,single_cross,-4.2093955,7.4503993
972,0,21.175545,single_cross,-4.5670546,8.4808095
973,0,22.07407,single_cross,-5.0593467,8.8614582
974,0,21.521947,single_cross,-3.3208705,7.9161827
975,0,19.188678,single_cross,-3.6678969,6.9153752
976,0,18.927922,single_cross,-3.3149027,7.5156466
977,0,20.932399,single_cross,-5.6561307,10.136467
978,0,24.827753,single_cross,-5.2983623,8.4138229
979,0,20.429567,single_cross,-5.8891835,10.114678
980,0,18.279573,single_cross,-5.9924871,9.068449
981,0,18.926392,single_cross,-6.0793166,9.9771191
982,0,20.779526,single_cross,-3.7659755,7.1302899
983,0,19.187736,single_cross,-2.7747979,6.754869
984,0,18.793182,single_cross,-2.8776365,7.331839
985,0,20.127221,single_cross,-7.3457546,8.9852502
986,0,21.13392,single_cross,-3.5074414,7.8791869
987,0,18.503157,single_cross,-6.2690166,11.04651
988,0,19.459754,single_cross,-4.9612631,8.5351234
989,0,21.153251,single_cross,-10.130861,10.564413
990,0,23.371743,single_cross,-4.1288217,7.6456467
991,0,18.579965,single_cross,-4.5959669,8.3344755
992,0,22.321627,single_cross,-6.0602586,10.276243
993,0,24.14004,single_cross,-3.7184424,8.4462724
994,0,19.564206,single_cross,-6.1206391,11.332461
995,0,19.423202,single_cross,-5.0075721,9.0450232
996,0,24.009578,single_cross,-13.730553,11.537468
997,0,20.572621,single_cross,-5.9899759,10.296699
998,0,19.63125,single_cross,-3.0993234,6.2230429
999,0,19.696248,single_cross,-4.7061583,8.4796226
1000,1,16.617069,single_cross,-2.8745942,7.0749174
1001,1,19.415132,single_cross,-2.3043681,4.6487549
1002,1,18.693914,single_cross,-1.7875308,3.6270215
1003,1,16.872984,single_cross,-2.2239173,6.0750913
1004,1,18.466906,single_cross,-1.9669973,5.2789007
1005,1,16.980262,single_cross,-2.5881545,5.4465241
1006,1,19.284384,single_cross,-1.9702039,5.2550031
1007,1,19.632188,single_cross,-2.3798343,6.2778662
1008,1,18.246935,single_cross,-1.8110875,3.2610893
1009,1,16.832375,single_cross,-1.5840226,4.8980019
1010,1,20.851541,single_cross,-2.7584221,6.6592613
1011,1,21.030058,single_cross,-0.92246839,3.7316222
1012,1,18.63635,single_cross,-1.5437117,3.3856712
1013,1,21.582836,single_cross,-2.9147578,7.4332045
1014,1,22.133557,single_cross,-3.6578831,8.5147973
1015,1,16.121886,single_cross,-1.6147856,3.9870706
1016,1,16.917195,single_cross,-2.789176,7.1843393
1017,1,14.646389,single_cross,-1.1675951,3.2237188
1018,1,16.732534,single_cross,-2.5415599,6.5685201
1019,1,18.127486,single_cross,-2.2332441,6.1529595
1020,1,15.46625,single_cross,-1.9497742,5.4374556
1021,1,17.929231,single_cross,-1.9763269,4.9941477
1022,1,18.079726,single_cross,-1.3052821,3.0176407
1023,1,20.256752,single_cross,-3.1139696,6.3401292
1024,1,16.6758,single_cross,-2.1323097,6.6421398
1025,1,17.18369,single_cross,-1.8429804,5.0960321
1026,1,16.387409,single_cross,-2.3952357,5.4315138
1027,1,20.428296,single_cross,-2.4522178,6.2955882
1028,1,18.11678,single_cross,-1.9844112,4.8169438
1029,1,21.55583,single_cross,-1.9597752,6.2386932
1030,1,18.887103,single_cross,-1.6523072,4.2419496
1031,1,16.47044,single_cross,-1.2013443,3.4848658
1032,1,19.186846,single_cross,-2.630991,6.8995981
1033,1,17.946811,single_cross,-1.8606017,4.1985131
1034,1,18.728028,single_cross,-2.3683796,5.33397
1035,1,19.268474,single_cross,-3.3389119,6.1831367
1036,1,18.021556,single_cross,-3.1023693,8.0858401
1037,1,19.394464,single_cross,-1.8325811,3.5051678
1038,1,16.659787,single_cross,-1.131355,3.083375
1039,1,19.314209,single_cross,-1.9114316,4.7501956
1040,1,16.987869,single_cross,-2.1218911,5.1512178
1041,1,19.231718,single_cross,-2.1342515,5.2077278
1042,1,18.067584,single_cross,-2.8533124,6.9246127
1043,1,16.241036,single_cross,-1.6048758,3.9803308
1044,1,17.599116,single_cross,-1.8484067,4.9265407
1045,1,21.075318,single_cross,-3.0867519,7.8796119
1046,1,20.011957,single_cross,-1.8506377,5.8504894
1047,1,17.11101,single_cross,-2.1103829,6.1315586
1048,1,17.12732,single_cross,-2.5646325,6.09633
1049,1,17.503904,single_cross,-1.9611995,4.9952462
1050,1,18.836258,single_cross,-1.505501,4.6960567
1051,1,17.250865,single_cross,-2.0075102,5.0399173
1052,1,16.739054,single_cross,-1.5100821,4.1419109
1053,1,17.423883,single_cross,-2.2086136,5.035036
1054,1,19.141497,single_cross,-2.3226706,5.4383498
1055,1,19.705681,single_cross,-2.8963786,8.4425598
1056,1,18.199981,single_cross,-2.5268122,5.639545
1057,1,16.66689,single_cross,-2.2330525,4.6336827
1058,1,18.024947,single_cross,-2.3597987,4.1611705
1059,1,20.195038,single_cross,-2.4223456,5.4772939
1060,1,19.563656,single_cross,-3.0476334,6.338034
1061,1,15.453779,single_cross,-1.767679,4.3589879
1062,1,18.083276,single_cross,-2.5394292,5.9820254
1063,1,17.636795,single_cross,-2.9082514,6.7822672
1064,1,19.269758,single_cross,-2.5256958,5.8776703
1065,1,21.242903,single_cross,-3.274374,7.5022457
1066,1,16.750846,single_cross,-1.6616412,6.4141398
1067,1,17.969713,single_cross,-1.4311333,4.4171144
1068,1,20.106527,single_cross,-2.4710728,6.3371949
1069,1,16.282036,single_cross,-1.5647458,3.3088561
1070,1,18.708324,single_cross,-1.7430077,4.6738973
1071,1,20.226123,single_cross,-2.4844889,6.1674322
1072,1,16.863314,single_cross,-2.3194404,5.4664891
1073,1,16.353589,single_cross,-1.8460696,4.6013736
1074,1,15.306624,single_cross,-1.5037879,4.9734117
1075,1,18.906877,single_cross,-2.4133046,4.6496264
1076,1,19.755316,single_cross,-1.6594653,4.2318016
1077,1,17.999484,single_cross,-2.1591047,5.0624795
1078,1,16.499652,single_cross,-1.4541394,3.8493442
1079,1,18.947341,single_cross,-1.7282562,4.5015238
1080,1,18.918678,single_cross,-1.8489886,5.1365339
1081,1,14.596271,single_cross,-1.5206749,3.7260045
1082,1,17.767171,single_cross,-1.5779678,3.5726326
1083,1,18.633272,single_cross,-2.3476417,3.5964546
1084,1,21.319505,single_cross,-2.7508594,7.1909073
1085,1,20.170076,single_cross,-2.6071022,5.7617446
1086,1,17.690278,single_cross,-2.7522569,5.9807649
1087,1,18.078848,single_cross,-2.525257,6.9933876
1088,1,21.654684,single_cross,-3.4783631,6.9020012
1089,1,20.708528,single_cross,-1.0669937,3.4190193
1090,1,18.026324,single_cross,-2.679045,6.2700524
1091,1,20.795745,single_cross,-1.9571033,4.8188576
1092,1,19.759596,single_cross,-3.150774,8.3377456
1093,1,15.838951,single_cross,-2.8296513,7.3475627
1094,1,16.825394,single_cross,-2.1005122,5.057891
1095,1,18.458023,single_cross,-2.3052297,5.8549951
1096,1,16.839224,single_cross,-2.4251901,5.7591385
1097,1,20.523942,single_cross,-3.085904,8.4190787
1098,1,18.487473,single_cross,-3.3817792,7.6318679
1099,1,17.226445,single_cross,-2.6209506,6.2643854
